歌曲ID,歌曲名,歌手名,歌词,歌曲图片URL,歌曲链接,评论1内容,评论1时间,评论2内容,评论2时间,评论3内容,评论3时间
108485,Always Online,林俊杰,"作词 : 林怡凤
 作曲 : 林俊杰
 编曲 : 蔡政勋/陈建玮
 制作人 : 林俊杰

变色的生活 任性的挑拨
疯狂的冒出了头
单方的守候 试探的温柔
还是少了点什么

遥远两端 爱挂在天空飞
风停了也无所谓 只因为你总说
Everything will be okay

准备好了three two one
I'm always online
和你one to one 爱开始扩散
我们连结了 穿越
天空 银河 oh
开始倒数three two one
删除我的孤单
more and more尽是深刻
爱亮了 爱笑了
I'm always online

变色的生活 任性的挑拨
疯狂的冒出了头
单方的守候 试探的温柔
却还是少了点什么

遥远两端 爱挂在天空飞
风停了也无所谓 只因为你总说
Everything Will Be okay

我准备好了three two one,
I'm always online
和你one to one 爱开始扩散
我们连结了 穿越
天空 银河 oh
开始倒数three two one
删除我的孤单
more and more尽是深刻
爱亮了 爱笑了
I'm always online

准备好了three two one,
I'm always online
和你one to one 爱开始扩散
我们连结了 穿越
天空 银河
开始倒数three two one
删除我的孤单
more and more尽是深刻
爱亮了 爱笑了
I'm always online
爱亮了 爱笑了
I'm always online",https://p1.music.126.net/q8RW-c9LY27XNVEaqAa3NA==/109951170565907820.jpg,https://music.163.com/song?id=108485,你失言了,2025-07-03 13:17:54,踢,2025-07-03 13:16:25,"放下你的那一刻 你我的过去都不值一提

不怪了 最起码那段时间让我最开心的是你

我讨厌食言也讨厌食言的你

痛和泪都在我身上你怎么会难过

流不完的泪记得你当初让我别哭

那些细碎的情绪我不想再表达出来",2025-07-03 13:04:45
2041026502,愿与愁,林俊杰,"作词 : 小寒
 作曲 : 林俊杰
 编曲 : 林俊杰/吴庆隆
 制作人 : 林俊杰
岁月在默数三四五六 第六天以后
⼈们开始存在宇宙 黑夜和白昼
呼吸第⼀口气的咽喉 最怕命运小偷
坏和美好我用血肉 去感受
问宿命是否 再多久 再持久 再永久 抵不了不朽
恋人从挥手 到牵手 到放手 到挥手 就该足够
对夜的长吼 我胸口 的伤口 随风陈旧
你我终会沦为尘埃漂流
等待花季烟雨稠
再化降水驻守
属于你的愿与愁

时间在倒数你在左右 多想踩碎沙漏
但能同时在同个宇宙 就不求滞留
呼吸下⼀口气的预谋 终究会被没收
漫天风雪我陪你颤抖 我们别回头
问宿命是否 再多久 再持久 再永久 抵不了不朽
恋人从挥手 到牵手 到放手 到挥手就该足够
对夜的长吼 我胸口 的伤口 随风陈旧
你我终会沦为尘埃漂流
等待花季烟雨稠
再化降水驻守
属于你的愿与愁
能爱多久 想多久 是多久 是永久 爱过就不朽
那我不走 不分手 不放手 不挥手 十指紧扣
分岔路口 我伤口 贪与渴求
渺小微弱像尘埃漂流
等待花季烟雨稠
再化降水驻守
属于你的愿与愁
分岔路口 我胸口 的伤口 贪与渴求
渺小微弱像尘埃漂流
等待花季烟雨稠
再化降水驻守
只为重逢的时候
 制作人 PRODUCER: 林俊杰 JJ LIN
 配唱制作 VOCAL PRODUCTION: 许环良@奇大音乐
 制作协力 PRODUCTION ASSISTANCE: 黄冠龙 ALEX.D / 周信廷 SHiN CHOU / 宋立伟 Robin Song / 蔡宥绮 Patti Tsai / 蔡凯升 Kai Tsai
  
 编曲 MUSIC ARRANGEMENT: 林俊杰 JJ LIN / 吴庆隆 Goh Kheng Long
 吉他 GUITAR: 黄冠龙 ALEX.D
 弦乐 STRINGS: 李琪弦乐团
 和声编写 BACKGROUND VOCAL ARRANGEMENT: Billy Koh / 林俊杰 JJ LIN
 和声 BACKGROUND VOCALS: 林俊杰 JJ LIN
  
 录音室 RECORDING STUDIO: THE JFJ SINGULARITY（Taipei）
 录音师 RECORDING ENGINEER: Billy Koh
  
 混音室 MIXING STUDIO: mixHaus (Encino, CA)
 混音师 MIXING ENGINEER: Richard Furch
  
 后期母带处理制作人 MASTERING PRODUCER: 林俊杰 JJ LIN
 后期母带处理录音室 MASTERING STUDIO: Bernie Grundman Mastering, LA
 后期母带处理录音师 MASTERING ENGINEER: Mike Bozzi",https://p1.music.126.net/vtnI8JpimWnZSzkXdmIB3w==/109951168558210782.jpg,https://music.163.com/song?id=2041026502,愿与愁，愿与你,2025-07-03 13:13:48,我看过香港演唱会啊啊啊我爱了爱了,2025-07-03 13:07:37,谢谢[流泪],2025-07-03 12:51:31
108914,江南,林俊杰,"作词 : 林秋离
 作曲 : 林俊杰
 编曲 : 蔡政勋/陈建玮
 制作人 : 许环良
 风到这里就是粘
 粘住过客的思念
 雨到了这里缠成线
 缠着我们流连人世间
 你在身边就是缘
 缘分写在三生石上面
 爱有万分之一甜
 宁愿我就葬在这一点
 圈圈圆圆圈圈
 天天年年天天 的我
 深深看你的脸
 生气的温柔
 埋怨的温柔 的脸
 不懂爱恨情愁煎熬的我们
 都以为相爱就像风云的善变
 相信爱一天 抵过永远
 在这一刹那冻结了时间
 不懂怎么表现温柔的我们
 还以为殉情只是古老的传言
 离愁能有多痛 痛有多浓
 当梦被埋在江南烟雨中
 心碎了才懂

 圈圈圆圆圈圈
 天天年年天天 的我
 深深看你的脸
 生气的温柔
 埋怨的温柔 的脸
 不懂爱恨情愁煎熬的我们
 都以为相爱就像风云的善变
 相信爱一天 抵过永远
 在这一刹那冻结了时间
 不懂怎么表现温柔的我们
 还以为殉情只是古老的传言
 离愁能有多痛 痛有多浓
 当梦被埋在江南烟雨中
 心碎了才懂

 相信爱一天 抵过永远
 在这一刹那冻结了时间
 不懂怎么表现温柔的我们
 还以为殉情只是古老的传言
 离愁能有多痛 痛有多浓
 当梦被埋在江南烟雨中
 心碎了才懂
 制作助理 : 冯时泽
 箫 : 林信有
 吉他 : Shah Tahir
 低音吉他 : Gary Lao
 和声编写 : 许环良
 和声 : 林俊杰
 录音室 : The Garden（新加坡）
 录音师 : 许环良/Acid Pang
 混音室 : Blue Moon Studio（加利福尼亚州）
 混音师 : Joe Vanelli/Joe Primeau with 许环良
 OP : 大潮音乐经纪有限公司/Touch Music Publishing Pte Ltd./Compass
 SP : 大潮音乐经纪有限公司",https://p1.music.126.net/_0OAhWhIbg-nOP-6e4o-SA==/109951168111265583.jpg,https://music.163.com/song?id=108914,九年啦,2025-07-03 13:05:25,“愿我如星君如月”,2025-07-03 12:47:54,“愿我如星君如月”,2025-07-03 12:44:39
108251,当你,林俊杰,"作词 : 张思尔
 作曲 : 林俊杰
 编曲 : 吴庆隆
 制作人 : 吴剑泓
当你
作词：张思尔 作曲：林俊杰
演唱：林俊杰

如果有一天 我回到从前
回到最原始的我
你是否 会觉得我不错
如果有一天 我离你遥远
不能再和你相约
你是否会发觉 我已经说再见

当你的眼睛 眯着笑 当你喝可乐 当你吵
我想对你好 你从来不知道 想你 想你 也能成为嗜好
当你说今天的烦恼 当你说夜深 你睡不着
我想对你说 却害怕都说错 好喜欢你 知不知道
如果有一天 梦想都实现
回忆都成了永远 你是否还会 记得今天
如果有一天 我们都发觉
原来什么都可以 我们是否还会 停留在这里
当你的眼睛 眯着笑 当你喝可乐 当你吵
我想对你好 你从来不知道 想你 想你 也能成为嗜好
当你说今天的烦恼 当你说夜深 你睡不着
我想对你说 却害怕都说错 好喜欢你 知不知道
也许空虚 让我想得太多 也许该回到被窝
梦里会相遇 就毫不犹豫 大声的说我要说

当你的眼睛 眯着笑 当你喝可乐 当你吵
我想对你好 你从来不知道 想你 想你 也能成为嗜好
当你说今天的烦恼 当你说夜深 你睡不着
我想对你说 却害怕都说错 好喜欢你 知不知道

当你的眼睛 眯着笑 当你喝可乐 当你吵
我想对你好 你从来不知道 想你 想你 也能成为嗜好

啦 ~ ~ ~ 啦 ~ ~ ~
我想对你说 却害怕都说错 好喜欢你 知不知道",https://p1.music.126.net/EtbYjpw06KOdTxisgUs4-w==/109951168852557941.jpg,https://music.163.com/song?id=108251,[爱心][爱心],2025-07-03 13:16:03,[可爱],2025-07-03 13:15:38,想到韦少了,2025-07-03 13:05:06
29814898,可惜没如果,林俊杰,"作词 : 林夕
 作曲 : 林俊杰
 编曲 : 蔡政勋
 制作人 : 许环良
 配唱编写 : 许环良
 制作协力 : 周信廷/王帅
 吉他 : Jamie Wilson
 贝斯 : Kelly Wan
 鼓 : Brendan Buckley
 弦乐四重奏 : 陈华超/周莹/印文竹/周麓
 和声编写 : 林俊杰/许环良
 和声 : 林俊杰
 录音室 : Hideout Studio(LV)/Bloom Studio(Malaysia)/The JFJ Lab(Taipei)
 录音师 : Brendan Buckley/Shawn McGhee/李志清/许环良
 混音室 : Tweak Tone Labs(Beijing)
 混音师 : 许环良
假如把犯得起的错
能错的都错过
应该还来得及去悔过
假如没把一切说破
那一场小风波将一笑带过
在感情面前 讲什么自我
要得过且过才好过
全都怪我
不该沉默时沉默 该勇敢时软弱
如果不是我
误会自己洒脱 让我们难过
可当初的你和现在的我
假如重来过

倘若那天

把该说的话好好说
该体谅的不执着
如果那天我

不受情绪挑拨
你会怎么做

那么多如果 可能如果我
可惜没如果 只剩下结果
如果早点了解
那率性的你
或者晚一点
遇上成熟的我
不过 Oh
全都怪我
不该沉默时沉默 该勇敢时软弱
如果不是我
误会自己洒脱 让我们难过
可当初的你和现在的我
假如重来过
倘若那天
把该说的话好好说
该体谅的不执着
如果那天我
不受情绪挑拨
你会怎么做
那么多如果 可能如果我
可惜没如果 没有你和我 Oh
都怪我
不该沉默时沉默 该勇敢时软弱
如果不是我
误会自己洒脱 让我们难过
可当初的你和现在的我
假如重来过
倘若那天
把该说的话好好说
该体谅的不执着
如果那天我
不受情绪挑拨
你会怎么做
那么多如果 可能如果我
可惜没如果
只剩下结果
可惜没如果",https://p1.music.126.net/2e__sKuIQsTSVVGr5Hk1FA==/109951170313536564.jpg,https://music.163.com/song?id=29814898,为什么听着听着感觉俊杰的声音有点像丁真[多多可怜][多多可怜][多多可怜],2025-07-03 13:14:47,新婚快乐,2025-07-03 12:19:40,我是[强][强][强],2025-07-03 12:08:39
108493,我还想她,林俊杰,"作词 : 邢增华
 作曲 : 林俊杰
 编曲 : 吴庆隆
 制作人 : 许环良

泪水将我淹没 到底谁该难过
究竟是谁放掉 这段感情
我才终于明白 办不到的承诺 就成了枷锁
现实中幸福永远缺货

请告诉她 我不爱她
笑着难过 自我惩罚
想终止这 一切挣扎
横了心说真心谎话

别告诉她 我还想她
恨总比爱容易放下
当泪水堵住了胸口
就让沉默 代替所有回答

我才终于明白 办不到的承诺
就成了枷锁
现实中幸福永远缺货

请告诉她 我不爱她
笑着难过 自我惩罚
想终止这 一切挣扎
横了心说真心谎话

别告诉她 我还想她
恨总比爱容易放下
当泪水堵住了胸口
就让沉默 代替所有回答

我不爱 我不痛 我不懂
我的心早已掏空
真心话言不由衷

请告诉她 我不爱她
笑着难过 自我惩罚
想终止这 一切挣扎
横了心说真心谎话

别告诉她 我还想她
恨总比爱容易放下
当泪水堵住了胸口
就让沉默 代替所有回答

别告诉她 我还想她
就让沉默 代替所有回答",https://p1.music.126.net/q8RW-c9LY27XNVEaqAa3NA==/109951170565907820.jpg,https://music.163.com/song?id=108493,我想为2025年7月3日13:02分留一条记录,2025-07-03 13:02:18,你也要幸福,2025-07-03 10:58:42,原来乌云也会攒满委屈在一个角落偷偷落泪,2025-07-03 10:49:01
1391477429,将故事写成我们,林俊杰,"作词 : 方文山
 作曲 : 林俊杰
 编曲 : 刘卓
 制作人 : 林俊杰

这最美的秘密 是我们都在制造巧遇
谁说幸福 只是一种 远方的消息
思念持续着浓郁 梦甘甜下去 誓言继续
陪你累积所有回忆
暖手的是热茶 暖心的是你一句话
许给你一个家 再围上我的牵挂
这故事开始一个人 我认真写成了我们
这段缘分 没有人转身
你也开始修改剧本 加重我的戏分
初心单纯 给了你的吻
这一生原本一个人 你坚持厮守成我们
所有未来 说好了一起等
青春的誓言扎了根 愿望比谁都深
过了门 永远是一家人

这最美的秘密 是我们都在制造巧遇
谁说幸福 只是一种 远方的消息
思念持续着浓郁 梦甘甜下去 誓言继续
陪你累积所有回忆
暖手的是热茶 暖心的是你一句话
许给你一个家 再围上我的牵挂
这故事开始一个人 我认真写成了我们
走过红尘 再也不怕冷
某天离开这一座城 我去哪你都跟
微笑的说 你是我的人 Wu
这一生原本一个人 你坚持厮守成我们
却小小声 牵着手在默认
感动的眼神 说愿意 走进我的人生
进了门 开了灯 一家人
执子之手如此温柔 天长地久并肩走
你深情凝望着我说 幸福是你有了我
这剧本开始一个人 我认真写成了我们
走过红尘 再也不怕冷
某天离开这一座城 我去哪你都跟
微笑的说 你是我的人
这一生原本一个人 你坚持厮守成我们
却小小声 牵着手在默认
感动的眼神 说愿意 走进我的人生
进了门 开了灯 一家人
盼来生 依然是一家人
配唱制作 : 马毓芬",https://p1.music.126.net/4cZOZSbVNGTh5k0QP_eLnA==/109951168195232181.jpg,https://music.163.com/song?id=1391477429,每次听都会想起那些幸福画面，希望平行时的他们初心不变，是个好人，一年又一年真的在一起了很久很久很久……故事里的人都向前走了，其他人也该释怀了 。,2025-07-03 12:49:12,会的,2025-07-03 12:49:05,hi,2025-07-03 11:26:09
108931,美人鱼,林俊杰,"作词 : 林秋离/简胜
 作曲 : 林俊杰
 编曲 : 梁定江/Case Woo
 制作人 : 梁定江/Case Woo
美人鱼
作词：简胜，林秋离 作曲：林俊杰
演唱：林俊杰

我在沙滩划个圆圈
属于我俩安逸世界
不用和别人连线
我不管你来自深渊
也不在乎身上鳞片
爱情能超越一切
只要你在我身边
所有蜚语流言 完全视而不见
请不要匆匆一面
一转身就沉入海平线

传说中你为爱甘心被搁浅
我也可以为你 潜入海里面
怎么忍心断绝
忘记我不变的誓言
我眼泪断了线
现实里有了我对你的眷恋
我愿意化作雕像 等你出现
再见再也不见
心碎了飘荡在海边
你抬头就看见

我在沙滩划个圆圈
属于我俩安逸世界
不用和别人连线
我不管你来自深渊
也不在乎身上鳞片
爱情能超越一切
只要你在我身边
所有蜚语流言 完全视而不见
请不要匆匆一面
一转身就沉入海平线

传说中你为爱甘心被搁浅
我也可以为你 潜入海里面
怎么忍心断绝
忘记我不变的誓言
我眼泪断了线
现实里有了我对你的眷恋
我愿意化作雕像 等你出现
再见再也不见
心碎了飘荡在海边
你抬头就看见

传说中你为爱甘心被搁浅
我也可以为你 潜入海里面
怎么忍心断绝
忘记我不变的誓言
我眼泪断了线
现实里有了我对你的眷恋
我愿意化作雕像 等你出现
再见再也不见
心碎了飘荡在海边
你抬头就看见

你 你抬头就看见
你 你抬头就看见",https://p1.music.126.net/_0OAhWhIbg-nOP-6e4o-SA==/109951168111265583.jpg,https://music.163.com/song?id=108931,17年了……,2025-07-03 13:10:39,十七年了兄弟还想她吗,2025-07-03 13:04:46,暑假了一点都不开心,2025-07-03 12:57:48
25727803,修炼爱情,林俊杰,"作词 : 易家扬
 作曲 : 林俊杰
 编曲 : 吴庆隆
 制作人 : 林俊杰
凭什么要失望

藏眼泪到心脏
往事不会说谎 别跟它为难
我们两人之间不需要这样
我想
修炼爱情的心酸
学会放好以前的渴望
我们那些信仰要忘记多难
远距离的欣赏 近距离的迷惘
谁说太阳会找到月亮
别人有的爱我们不可能模仿
修炼爱情的悲欢
我们这些努力不简单
快乐炼成泪水是一种勇敢
几年前的幻想 几年后的原谅
为一张脸去养一身伤
别讲想念我 我会受不了这样
记忆它真嚣张
路灯把痛点亮
情人一起看过多少次月亮
它在天空看过多少次遗忘
多少心慌
修炼爱情的心酸
学会放好以前的渴望
我们那些信仰要忘记多难
远距离的欣赏 近距离的迷惘
谁说太阳会找到月亮
别人有的爱我们不可能模仿
修炼爱情的悲欢
我们这些努力不简单
快乐炼成泪水是一种勇敢
几年前的幻想 几年后的原谅
为一张脸去养一身伤
别讲想念我 我会受不了这样 Oh
笑着说爱让人疯狂
哭着说爱让人紧张
忘不了那个人就投降
修炼爱情的悲欢
我们这些努力不简单
快乐炼成泪水是一种勇敢 Wooh
几年前的幻想 几年后的原谅
为一张脸去养一身伤
别讲想念我 我会受不了这样
几年前的幻想 几年后的原谅
为一张脸去养一身伤
别讲想念我
我会受不了这样
 配唱编写 : 许环良
 制作协力 : 周信廷/Gary Leo
 键盘 : 吴庆隆
 吉他 : Jamie Wilson/Grecco Buratto
 鼓 : Brendan Buckley
 低音吉他 : Eric Holden
 第一小提琴 : 孔朝辉/孔宪隆/顾文丽/陈大伟/魏喆
 第二小提琴 : 孔宪隆/尹淑占/隋晶晶
 中提琴 : 水兵/关旗
 大提琴 : 赵羽儿/王言
 和声编写 : 林俊杰
 和声 : 林俊杰
 录音室 : The Fire (SG)/Yellow Box (SG)/Boss Studio (SG)/Impactstudio (Taipei)/Layer Cake Studio (LA)/Studio In The Hill (SG)
 录音师 : Brendan Buckley/许环良/Gary Leo/Philip Wong/陈忠宏
 混音室 : 白金录音室 (Taipei)
 混音师 : 林正忠
 OP : JFJ Productions Corp./飞行石有限公司
 SP : Universal Music Publishing Ltd Taiwan.
 ISRC TW-A53-13-98004",https://p1.music.126.net/D_hiKMwrdQlqD36LoKLO2w==/109951163187408030.jpg,https://music.163.com/song?id=25727803,JJ，你知道吗？你一开嗓，我把我所有的伤心事全都想了一遍。太有震慑力了！[流泪][流泪][流泪],2025-07-03 13:16:19,修炼爱情是悲伤的歌曲不知道林俊杰的心情我在演唱会里听到他唱修炼爱情。[色][色][色][色],2025-07-03 13:11:04,眼泪止不住的时候 要是能抱住你就好了,2025-07-03 12:54:28
108263,心墙,林俊杰,"作词 : 姚若龙
 作曲 : 林俊杰
 编曲 : 陈炯顺
 制作人 : 吴剑泓/陈炯顺
心墙
作词：姚若龙  作曲：林俊杰
演唱：林俊杰

一个人 眺望碧海和蓝天
在心里面 那抹灰就淡一些
海豚从眼前飞越
我看见了最阳光的笑脸
好时光都该被宝贝 因为有限

我学着不去担心得太远
不计划太多反而能勇敢冒险
丰富的过每一天快乐的看每一天

Wooh 第一次遇见阴天遮住你侧脸
有什么故事好想了解
我感觉我懂你的特别

你的心有一道墙 但我发现一扇窗
偶尔透出一丝暖暖的微光
就算你有一道墙 我的爱会攀上窗台盛放
打开窗你会看到悲伤融化

我学着不去担心得太远
不计划太多反而能勇敢冒险
丰富的过每一天快乐的看每一天

Wooh 第一次遇见阴天遮住你侧脸
有什么故事好想了解
我感觉我懂你的特别

你的心有一道墙 但我发现一扇窗
偶尔透出一丝暖暖的微光
就算你有一道墙 我的爱会攀上窗台盛放
打开窗你会看到悲伤融化

你的心有一道墙 但我发现一扇窗
偶尔透出一丝暖暖的微光
就算你有一道墙 我的爱会攀上窗台盛放
打开窗你会看到悲伤融化

你会闻到幸福晴朗的芬芳",https://p1.music.126.net/EtbYjpw06KOdTxisgUs4-w==/109951168852557941.jpg,https://music.163.com/song?id=108263,爱自己🍀,2025-07-03 13:19:37,"不是因为同性恋喜欢她
是因为她才同性恋",2025-07-03 13:19:18,谢谢你,2025-07-03 13:10:40
64093,孤独患者,陈奕迅,"作词 : 小寒
 作曲 : 方大同
 编曲 : 方大同/Edward Chan
欢笑声 欢呼声
炒热气氛 心却很冷
聚光灯 是种蒙恩
我却不能 喊等一等
我真佩服我 还能幽默
掉眼泪时 用笑掩过
怕人看破 顾虑好多
不谈寂寞 我们就都快活
我不唱声嘶力竭的情歌
不表示没有心碎的时刻
我不曾摊开伤口任宰割
愈合 就无人晓得
我内心挫折
活像个孤独患者 自我拉扯
外向的孤独患者 有何不可
笑越大声 越是残忍
挤满体温 室温更冷
万一关灯 空虚扰人
我却不能 喊等一等
你说你爱我 却一直说
说我不该 窝在角落
策划逃脱 这也有错
连我脆弱 的权利都掠夺
我不唱声嘶力竭的情歌
不表示没有心碎的时刻
我不曾摊开伤口任宰割
愈合 就无人晓得
我内心挫折
活像个孤独患者 自我拉扯
外向的孤独患者 有何不可
我不要声嘶力竭的情歌
来提示我需要你的时刻
表面镇定并不是保护色
反而 是要你懂得
我不知为何
活像个孤独患者 自我拉扯
外向的孤独患者 需要认可
监制 : Edward Chan / Charles Lee / 方大同",https://p2.music.126.net/Po0tJTtv4aBaYozWlnojHg==/18546562139313276.jpg,https://music.163.com/song?id=64093,happiness[叉]Sadness⭕️,2025-07-03 13:10:27,？,2025-07-03 13:00:52,🉑🉑🉑,2025-07-03 12:58:54
65766,富士山下,陈奕迅,"作词 : 林夕
 作曲 : Christopher Chak
 编曲 : 陈珀/C. Y. Kong
 制作人 : 梁荣骏

拦路雨偏似雪花 饮泣的你冻吗
这风褛我给你磨到有襟花
连调了职也不怕 怎么始终牵挂
苦心选中今天想车你回家
原谅我不再送花 伤口应要结疤
花瓣铺满心里坟场才害怕
如若你非我不嫁 彼此终必火化
一生一世等一天需要代价
谁都只得那双手靠拥抱亦难任你拥有
要拥有必先懂失去怎接受
曾沿着雪路浪游 为何为好事泪流
谁能凭爱意要富士山私有
何不把悲哀感觉假设是来自你虚构
试管里找不到它染污眼眸
前尘硬化像石头 随缘地抛下便逃走
我绝不罕有 往街里绕过一周
我便化乌有
情人节不要说穿 只敢抚你发端
这种姿态可会令你更心酸
留在汽车里取暖 应该怎么规劝
怎么可以将手腕忍痛划损
人活到几岁算短 失恋只有更短
归家需要几里路谁能预算
忘掉我跟你恩怨 樱花开了几转
东京之旅一早比一世遥远
谁都只得那双手靠拥抱亦难任你拥有
要拥有必先懂失去怎接受
曾沿着雪路浪游 为何为好事泪流
谁能凭爱意要富士山私有
何不把悲哀感觉假设是来自你虚构
试管里找不到它染污眼眸
前尘硬化像石头 随缘地抛下便逃走
我绝不罕有 往街里绕过一周
我便化乌有
谁都只得那双手靠拥抱亦难任你拥有
要拥有必先懂失去怎接受
曾沿着雪路浪游 为何为好事泪流
谁能凭爱意要富士山私有
何不把悲哀感觉假设是来自你虚构
试管里找不到它染污眼眸
前尘硬化像石头 随缘地抛下便逃走
我绝不罕有 往街里绕过一周
我便化乌有
你还嫌不够 我把这陈年风褛 送赠你解咒

Produced by 梁荣骏
Production Coordination: Stanley Leung
Keyboards & Programming: 陈珀 / C.Y.Kong (江志仁)
Drums: Davy Chan (陈匡荣)
Bass: 细威
Guitar: Joey Tang (邓建明)
Percussion: Davy Chan & Kevin (Hardpack)
Strings Arranged & Conducted by 陈珀
Recorded at aroom studio & seewisehk,
Engineered by Davy Chan, Rob Porter & C.Y.Kong
Vocals Recorded at Avon Studios,
Engineered by Anthony Leung
Mixed by Simon Li at nOiz
OP: Forward Music Publishing Co Ltd / Universal Music Publishing Ltd
SP: Fujipacific Music (S.E. Asia) Ltd",https://p2.music.126.net/jzNxBp5DCER2_aKGsXeRww==/109951167435823724.jpg,https://music.163.com/song?id=65766,曾经我们也很好不是吗,2025-07-03 13:19:46,祝你也祝我,2025-07-03 13:17:58,我把年轮写进日历 我把2025也交给你,2025-07-03 13:08:32
25730757,稳稳的幸福,陈奕迅,"作词 : 小柯
 作曲 : 小柯
有一天
我发现自怜资格都已没有
只剩下不知疲倦的肩膀
担负着简单的满足
有一天
开始从平淡日子感受快乐
看到了明明白白的远方
我要的幸福
我要稳稳的幸福
能抵挡末日的残酷
在不安的深夜
能有个归宿
我要稳稳的幸福
能用双手去碰触
每次伸手入怀中
有你的温度
有一天
我发现自怜资格都已没有
只剩下不知疲倦的肩膀
担负着简单的满足
有一天
开始从平淡日子感受快乐
看到了明明白白的远方
我要的幸福
我要稳稳的幸福
能抵挡末日的残酷
在不安的深夜
能有个归宿
我要稳稳的幸福
能用双手去碰触
每次伸手入怀中
有你的温度
我要稳稳的幸福
能抵挡失落的痛楚
一个人的路途
也不会孤独
我要稳稳的幸福
能用生命做长度
无论我身在何处
都不会迷途
我要稳稳的幸福
这是我想要的幸福",https://p2.music.126.net/6F3SnAcWk-qQslrYRxhTlQ==/109951166578464485.jpg,https://music.163.com/song?id=25730757,幸福很简单吃个饱饭睡个好觉,2025-07-03 13:20:55,抱抱你💛,2025-07-03 13:20:28,最爱的一任才叫初恋 与出场顺序无关.,2025-07-03 13:17:43
65528,淘汰,陈奕迅,"作词 : 周杰伦
 作曲 : 周杰伦
 编曲 : C. Y. Kong
 制作人 : Davy Chan/C. Y. Kong/陈奕迅
Production Coordination: Stanley Leung
Arrangement, Keyboards & Programming: C. Y.Kong
Drums: Davy Chan
Bass: Pal 哥
Guitar: 亚贤
Strings Arranged & Conducted by 陈珀
Recorded at aroom studio & seewisehk,
Engineered by Davy Chan, Rob Porter & C.Y .Kong
Vocals Recorded at Conrad's Studios & Avon Studios,
Engineered by 黄尚伟 & Davy Chan & Amic
Mixed by Simon Li at nOiz
OP: JVR Music Int'l Co Ltd
我说了所有的谎
你全都相信
简单的我爱你
你却老不信
你书里的剧情
我不想上演
因为我喜欢喜剧收尾
我试过完美放弃
的确很踏实
醒来了 梦散了
你我都走散了
情歌的词何必押韵
就算我是K歌之王
也不见得把爱情唱得完美
只能说我输了
也许是你怕了
我们的回忆没有皱褶
你却用离开烫下句点
只能说我认了
你的不安赢得你信任
我却得到你安慰的淘汰
我试过完美放弃
的确很踏实
醒来了 梦散了
你我都走散了
情歌的词何必押韵
就算我是K歌之王
也不见得把爱情唱得完美
只能说我输了
也许是你怕了
我们的回忆没有皱褶
你却用离开烫下句点
只能说我认了
你的不安赢得你信任
我却得到你安慰的淘汰
只能说我输了
也许是你怕了
我们的回忆没有皱褶
你却用离开烫下句点
只能说我认了
你的不安赢得你信任
我却得到你安慰的淘汰",https://p2.music.126.net/o_OjL_NZNoeog9fIjBXAyw==/18782957139233959.jpg,https://music.163.com/song?id=65528,天天开心,2025-07-03 13:21:13,不是不喜欢璇子和小慧之后的 cp 了 而是当年的慧璇踢太耀眼了 其他 cp 在嗑也没感觉了、,2025-07-03 13:18:52,我们如此相近 心却那么遥远.,2025-07-03 13:16:24
65800,最佳损友,陈奕迅,"作词 : 黄伟文
 作曲 : Eric Kwok
 编曲 : Eric Kwok/Jerald
 制作人 : Eric Kwok/Jerald/陈奕迅

朋友 我当你一秒朋友
朋友 我当你一世朋友
奇怪 过去再不堪回首
怀缅 时时其实还有

朋友 你试过将我营救
朋友 你试过把我批斗
无法 再与你交心联手
毕竟 难得有过最佳损友

从前共你 促膝把酒
倾通宵都不够
我有痛快过 你有没有
很多东西今生只可给你
保守至到永久
别人如何明白透
实实在在 踏入过我宇宙
即使相处到 有个裂口
命运决定了 以后再没法聚头
但说过去 却那样厚

问我有没有 确实也没有
一直躲避的借口 非甚么大仇
为何旧知己 在最后
变不到老友
不知你是我敌友 已没法望透
被推着走 跟着生活流
来年陌生的
是昨日最亲的某某

生死之交当天不知罕有
到你变节了 至觉未够
多想一天 彼此都不追究
相邀再次喝酒
待 葡萄成熟透
但是命运入面 每个邂逅
一起走到了 某个路口
是敌与是友 各自也没有自由
位置变了 各有队友

问我有没有 确实也没有
一直躲避的借口 非甚么大仇
为何旧知己 在最后
变不到老友
不知你是我敌友 已没法望透
被推着走 跟着生活流
来年陌生的
是昨日最亲的某某
早知解散后 各自有际遇作导游
奇就奇在 接受了 各自有路走
却没人像你 让我 眼泪背着流
严重似情侣 讲分手

有没有 确实也没有
一直躲避的借口 非甚么大仇
为何旧知己 在最后 变不到老友

不知你又有没有 挂念这旧友
或者自己 早就想通透
来年陌生的 是昨日 最亲的某某
总好于 那日我 没有
没有 遇过 某某

监制 : Eric Kwok / Jerald Chan / Eason Chan
Producer : Eric Kwok / Jerald Chan
Producer, Associated  Performer, Vocals : Eason Chan
Author : Wei Wen Huang
Composer, Arranger, Work  Arranger : Eric Kwok
Arranger, Work  Arranger : Jerald Chan
Released on : 2006-01-01
OP : Snowman Production Ltd(adm by EMI Music Publishing HK)
/Wyman(adm by EMI Music Publishing HK)
/℗ 2006 Cinepoly Records Co. Ltd.",https://p2.music.126.net/AAKrMZu-zyunLRqAMO9JlA==/109951166577890720.jpg,https://music.163.com/song?id=65800,看到这里突然破防了,2025-07-03 13:07:04,25年七月了 还来听的兄弟 留个言,2025-07-03 12:54:46,15岁出来不后悔,2025-07-03 12:19:22
65536,爱情转移,陈奕迅,"作词 : 林夕
 作曲 : Christopher Chak
 编曲 : 陈珀/C. Y. Kong
 制作人 : 梁荣骏
徘徊过多少橱窗 住过多少旅馆
才会觉得分离也并不冤枉
感情是用来浏览 还是用来珍藏
好让日子天天都过得难忘
熬过了多久患难 湿了多长眼眶
才能知道伤感是爱的遗产
流浪几张双人床 换过几次信仰
才让戒指义无反顾的交换
把一个人的温暖 转移到另一个的胸膛
让上次犯的错反省出梦想
每个人都是这样 享受过提心吊胆
才拒绝做爱情待罪的羔羊
回忆是抓不到的月光握紧就变黑暗
等虚假的背影消失于晴朗
阳光在身上流转 等所有业障被原谅
爱情不停站 想开往地老天荒
需要多勇敢
烛光照亮了晚餐 照不出个答案
恋爱不是温馨的请客吃饭
床单上铺满花瓣 拥抱让它成长
太拥挤就开到了别的土壤
感情需要人接班 接近换来期望
期望带来失望的恶性循环
短暂的总是浪漫 漫长总会不满
烧完美好青春换一个老伴
把一个人的温暖 转移到另一个的胸膛
让上次犯的错反省出梦想
每个人都是这样 享受过提心吊胆
才拒绝做爱情待罪的羔羊
回忆是抓不到的月光握紧就变黑暗
等虚假的背影消失于晴朗
阳光在身上流转 等所有业障被原谅
爱情不停站 想开往地老天荒
需要多勇敢
把一个人的温暖 转移到另一个的胸膛
让上次犯的错反省出梦想
每个人都是这样 享受过提心吊胆
才拒绝做爱情待罪的羔羊
回忆是抓不到的月光握紧就变黑暗
等虚假的背影消失于晴朗
阳光在身上流转 等所有业障被原谅
爱情不停站 想开往地老天荒
需要多勇敢
你不要失望 荡气回肠是为了
最美的平凡

Production Coordination: Stanley Leung
Keyboards & Programming: 陈珀 / C.Y.Kong (江志仁)
Drums: Davy Chan (陈匡荣)
Bass: 细威
Guitar: Joey Tang (邓建明)
Percussion: Davy Chan & Kevin (Hardpack)
Strings Arranged & Conducted by 陈珀
Recorded at aroom studio & seewisehk,
Engineered by Davy Chan, Rob Porter & C.Y.Kong
Vocals Recorded at Avon Studios,
Engineered by Anthony Leung
Mixed by Simon Li at nOiz
OP: Forward Music Publishing Co Ltd / Denseline Co Ltd
SP: Fujipacific Music (S.E. Asia) Ltd / Warner Chappell Music Hong Kong Limited",https://p2.music.126.net/o_OjL_NZNoeog9fIjBXAyw==/18782957139233959.jpg,https://music.163.com/song?id=65536,你的低谷期我陪你过，我们也顺理成章的成为了好朋友，还有些暧昧氛围，你对我忽冷忽热，当你在与我热聊时，是否再透过我看像别人，是否只是把对她的爱转移到我的身上，如果是这样，那我不需要,2025-07-03 12:44:53,我去，我开始听时以为是富士山下,2025-07-03 11:28:27,"恋爱不是温馨的请客吃饭
",2025-07-03 11:22:17
66842,十年,陈奕迅,"作词 : 林夕
 作曲 : 陈小霞
 编曲 : 陈辉阳
 制作人 : 陈小霞/陈辉阳
 录音师 : 陈忠宏/亚祥 (HK)
 录音室 : 白金/AVON (HK)
 混音工程师 : 王家栋
 混音录音室 : 节奏
如果那两个字没有颤抖
我不会发现 我难受
怎么说出口
也不过是分手
如果对于明天没有要求
牵牵手就像旅游
成千上万个门口
总有一个人要先走
怀抱既然不能逗留
何不在离开的时候
一边享受 一边泪流
十年之前
我不认识你
你不属于我
我们还是一样
陪在一个陌生人左右
走过渐渐熟悉的街头
十年之后
我们是朋友
还可以问候
只是那种温柔
再也找不到拥抱的理由
情人最后难免沦为朋友
怀抱既然不能逗留
何不在离开的时候
一边享受 一边泪流
十年之前
我不认识你
你不属于我
我们还是一样
陪在一个陌生人左右
走过渐渐熟悉的街头
十年之后我们是朋友
还可以问候
只是那种温柔
再也找不到拥抱的理由
情人最后难免沦为朋友
直到和你做了多年朋友
才明白我的眼泪
不是为你而流
也为别人而流",https://p2.music.126.net/WF9SAVpoTbueroj7CLoKKg==/109951163028210664.jpg,https://music.163.com/song?id=66842,11年前,2025-07-03 13:10:58,可谁是我的救赎 我又是谁的囚徒,2025-07-03 13:00:58,今年我14岁6年后我们见,2025-07-03 12:49:15
25906124,不要说话,陈奕迅,"作词 : 小柯
 作曲 : 小柯
 编曲 : Mac Chew
深色的海面布满白色的月光
我出神望着海 心不知飞哪去
听到她在告诉你
说她真的喜欢你
我不知该 躲哪里
爱一个人是不是应该有默契
我以为你懂得每当我看着你
我藏起来的秘密
在每一天清晨里
暖成咖啡 安静的拿给你
愿意 用一支黑色的铅笔
画一出沉默舞台剧
灯光再亮 也抱住你
愿意 在角落唱沙哑的歌
再大声也都是给你
请用心听 不要说话
爱一个人是不是应该有默契
我以为你懂得每当我看着你
我藏起来的秘密
在每一天清晨里
暖成咖啡 安静的拿给你
愿意 用一支黑色的铅笔
画一出沉默舞台剧
灯光再亮 也抱住你
愿意 在角落唱沙哑的歌
再大声也都是给你
请用心听 不要说话
愿意 用一支黑色的铅笔
画一出沉默舞台剧
灯光再亮 也抱住你
愿意 在角落唱沙哑的歌
再大声也都是给你
请原谅我 不会说话
愿意 用一支黑色的铅笔
画一出沉默舞台剧
灯光再亮 也抱住你
愿意 在角落唱沙哑的歌
再大声也都是给你
爱是用心吗 不要说话",https://p2.music.126.net/96L4ojVi9N3tdHk3r3GXjQ==/109951163066640079.jpg,https://music.163.com/song?id=25906124,网易云十级很难，因为要听很多很多的歌，重复听的歌不算，大概需要两万首新歌 ，所以找男朋友就找网易云十级的，因为这说明这个男生的时间都用来听音乐了，没时间乱搞，是个好男生，就比如说我。,2025-07-03 09:23:04,七月了,2025-07-03 09:18:17,以前是初中骑单车去上学的路上用MP3听的，特别享受那样听歌的时光，现在已经是上班路上了呀……,2025-07-03 09:11:16
409931770,十面埋伏,陈奕迅,"编曲 : Eric Kwok
 制作人 : Eric Kwok
 作词 : 黄伟文
 作曲 : Eric Kwok
闻说你时常在下午 来这里寄信件
逢礼拜留连艺术展 还是未间断
何以我来回巡逻遍 仍然和你擦肩
还仍然在各自宇宙 错过了春天
只差一点点即可以再会面
可惜偏偏刚刚擦过 十面埋伏过 孤单感更赤裸
总差一点点先可以再会面
彷彿应该一早见过 但直行直过
只差一个眼波 将彼此错过
迟两秒搭上地下铁 能与你碰上么
如提前十步入电梯 谁又被错过
和某某从来未预约 为何能见更多
全城来撞你 但最后处处有险阻
只差一点点即可以再会面
可惜偏偏刚刚擦过 十面埋伏过 孤单感更赤裸
总差一点点先可以再会面
彷彿应该一早见过 但直行直过
只等一个眼波
轨迹改变角度交错 寂寞城市又再探戈
天空闪过灿烂花火 和你不再为爱奔波
总差一点点先可以再会面
悔不当初轻轻放过 现在惩罚我 分手分错了么
分开一千天 天天盼再会面
只怕是你先找到我 但直行直过
天都帮你去躲 躲开不见我",https://p2.music.126.net/kAKoBg1AOVrgvO4WEOywoA==/109951169594708968.jpg,https://music.163.com/song?id=409931770,不要再见了,2025-07-03 10:36:54,想收到全国IP的天天开心,2025-07-03 09:14:47,十面埋伏 最后一面是体面 是永不见面,2025-07-03 09:13:18
65538,好久不见,陈奕迅,"作词 : 施立
 作曲 : 陈小霞
 编曲 : 孙伟明/C. Y. Kong/陈珀
我来到 你的城市
走过你来时的路
想象着 没我的日子
你是怎样的孤独

拿着你 给的照片
熟悉的那一条街
只是没了你的画面
我们回不到那天

你会不会忽然地出现
在街角的咖啡店
我会带着笑脸 挥手寒暄
和你 坐着聊聊天
我多么想和你见一面
看看你最近改变
不再去说从前 只是寒暄
对你说一句
只是说一句
好久不见

拿着你 给的照片
熟悉的那一条街
只是没了你的画面
我们回不到那天

你会不会忽然地出现
在街角的咖啡店
我会带着笑脸 挥手寒暄
和你 坐着聊聊天
我多么想和你见一面
看看你最近改变
不再去说从前 只是寒暄
对你说一句
只是说一句
好久不见

Produced by Davy Chan / C.Y.Kong / 陈奕迅
Production Coordination : Stanley Leung
Keyboards & Programming : C.Y.Kong
Piano : 孙伟明
Percussion : Davy Chan & Kevin (Hardpack)
Strings Arranged by C.Y.Kong & 陈珀
Strings Conducted by 陈珀
Recorded at aroom studio & seewisehk,
Engineered by Davy Chan & C.Y.Kong
Vocals & Piano Recorded at Avon Studios,
Engineered by Anthony Leung
Mixed by Simon Li at nOiz
OP : Roof Top Music Studio (adm by EMI Music Publishing (S.E. Asia) Ltd, Taiwan Branch)
/ EMI Music Publishing (S.E. Asia) Ltd, Taiwan Branch
SP : EMI Music Publishing HK",https://p2.music.126.net/o_OjL_NZNoeog9fIjBXAyw==/18782957139233959.jpg,https://music.163.com/song?id=65538,"
🌸🙈

好久不见
十分想念
",2025-07-03 12:39:07,我也好想再见她一面呀,2025-07-03 11:27:42,哥们11年了,2025-07-03 10:49:07
1303464858,于是,郑润泽,"制作人 : 郑润泽
 作词 : 郑润泽
 作曲 : JD_Kwan/郑润泽
窗外下着雨 房间里依然很冷清
等着你出现 从来没改变
昨晚想到你 被寂寞包裹的恐惧
等待黎明 等待深爱的你
能不能留下来再陪着我数次星星
能不能别提起念念不忘的他
能不能告诉我你这次离开的各种原因
只能和孤独亲密 像小孩想要星星
忘不了你我互相的甜蜜
是你给我的最后的记忆
松开的手再抓不紧
等雨后等天晴
一起走的路都泥泞
沉睡向往的梦境
说来又说去还放不下你
最后再求你求你别离去
即便现实都已看清
镜子两面我破碎又织起
倔强的我最后过回了沉溺
渐渐两路模糊我视线
有一瞬间就将我冻结
重新连接的爱却又只能够妥协
于是我们又错过了时间
乌云密布了整个蓝天
忘不了你我互相的甜蜜
是你给我的最后的记忆
松开的手再抓不紧
等雨后等天晴
一起走的路都泥泞
沉睡向往的梦境
说来又说去还放不下你
最后再求你求你别离去
即便现实都已看清
镜子两面我破碎又织起
最后我会承认无法改变结局
 本歌曲来自【 网易音乐人 X 青云LAB】",https://p2.music.126.net/PEGvmO3OqgGOkx4m9qxAJA==/109951163478499713.jpg,https://music.163.com/song?id=1303464858,"哲言说得太重 握紧的手也是枷锁.

我待你与众不同 可你始终不懂.

抓不住的东西太多 所以我告诉自己没关系.

幸福无限蔓延 心开始悄悄在改变.

你明明对谁都一样 还跟我说是唯一.

有些东西不愿意忘记   也不会再提起.

纵使万分不舍 时间也会抹平一切.

深夜望向天花板 的确 我哪哪都不好.",2025-07-03 13:21:24,幸福而已 你迟早会有,2025-07-03 13:19:48,如果你的出现是缝补我破碎的心我想我会掉眼泪,2025-07-03 13:18:40
1406083061,你,郑润泽,"制作人 : 郑润泽
 作词 : 郑润泽
 作曲 : 郑润泽
：郑润泽

有一些没说过的遗憾
有些事习惯保留一段
可能你也曾听说过 也分析了
猜测着虚假或真情感
难过和更难过各一半
我保留的回忆让空想更难

我的心空荡荡但不代表你本该住在里面
看树叶在渐渐飘落着直到平行于地面
或许这个位置不是为你而留
只是奔波不停的你稍有停靠 的作用

我想要你的爱
更想被你爱
思念很难捱
所以把底线大门一次次打开
寂寞如此的慷慨
把全部都给我 泪被挤开
我想要你的爱
已多少个礼拜
你不需要理睬
我习惯无法逃脱的期待
是可恨又可惜的我
把最后的温柔 送给你了

如果你说我
太过的软弱
如果这个理由
抛弃了放下了我
可怎么就不给我一点机会
别再离开我
请你相信我
你会明白的
我只希望的

我想要你的爱
更想被你爱
思念更难捱
所以把底线大门一次次打开
寂寞如此的慷慨
把全部都给我 泪被挤开
我想要你的爱
已多少个礼拜
你不需要理睬
我习惯无法逃脱的期待
是可恨又可惜的我
把最后的温柔 送给你了",https://p2.music.126.net/OvnvQlFc8QSD7UnqtM9YYw==/109951164512103081.jpg,https://music.163.com/song?id=1406083061,天天开心,2025-07-03 13:20:39,我翻山越岭 才发现无人等候.,2025-07-03 13:17:10,唉,2025-07-03 13:11:14
1842728629,如果呢,郑润泽,"作词 : 郑润泽
 作曲 : 郑润泽
 编曲 : 赵建飞
 制作人 : 李淘/赵建飞
出品：网易音乐人 X 青云LAB



看
幻想中的行星
平行与天际
听
你说过的话语
是那么平静

能记得我的好
也能够忘掉我
迟早
我的心里仍屹立着座城堡

不知为何
无法感受得到
你的不舍
你是如何能够
轻易做得到

如果说是真的爱我
那为何都说不出口
一大堆的所以然呢
我脑海只剩为什么
就让我
放下所有回忆
所有事情不那么清晰
也许
会好
比较

看
幻想中的行星
平行与天际
听
你说过的话语
是那么平静

说记得我的好
也能够忘掉我
迟早
数不清这是第几次
我也不知道

如果说是真的爱我
那为何都说不出口
一大堆的所以然呢
我脑海只剩为什么
就让我
放下所有回忆
所有事情不那么清晰
也许
会好
比较

如果说是真的爱我
那为何都说不出口
一大堆的所以然呢
我脑海只剩为什么
就让我
放下所有回忆
所有事情不那么清晰
也许
会好
比较
也许
会好
比较
出品：青桔音乐
编曲 : 赵建飞
吉他：周少伟
和声编写：曾婕Joey.Z
和声演唱：曾婕Joey.Z
人声录音师：赵野
人声录音棚：3RD Harmonic Music
弦乐编写：赵建飞
弦乐监制：李朋
弦乐：国际首席爱乐乐团
弦乐录音棚：金田录音棚
混音师：钟泽鑫
企划：潘俊
营销企划：罗旭 牛雪吟

 网易云音乐特别企划“星辰集”出品",https://p2.music.126.net/-xMsNLpquZTmMZlIztTgHg==/109951165953469081.jpg,https://music.163.com/song?id=1842728629,翻了好久才看见  我家云中君这么小众的吗。,2025-07-03 13:20:36,听歌,2025-07-03 13:20:17,爱是需要时间和精力去经营的 而不是等你有空的时候才想起来去爱,2025-07-03 13:11:37
2063864551,瞬,郑润泽,"作词 : 郑润泽
 作曲 : 郑润泽
 编曲 : 朴桑松Sunny@壹橙music
 制作人 : 苗柏杨@壹橙Music/郑润泽
我想 说不清哪天

你就会回来

可太多的思念
却压着时钟转

喜欢 在夜深人静

零碎的不堪

能孤单的  大胆

太多挂念
光好刺眼

殆尽之前
你出现在我眼前

就当是我的幻觉 慢一点

如果倒转思念
在这之前
能够将我换为你来选

你要让时间怎么转

刚错过的怎么换

不想到醒来缺一块

我想过忘记
是最后最坏的打算

一尘不染

如此简单

你羞涩的拍下的相片纸

第一次的画面
你让我触动了这按键

是放松的那面

再到后来慢慢的瓦解

在暂时分别那天

谁能够想到那是我们
两人之间最后的一面

明明在这之前

相拥的如此坚定
说着一直在身边

说过要一起看的海

现在我独自等待

你要让时间怎么转

刚错过的怎么换

不想到醒来缺一块

我想过忘记
是最后最坏的打算

我的无力成为了我的败笔

我是无法做到真的毫不在意

我只能做的只是每天
默念  默念

忘记是最后最后的最坏打算

一尘不染

如此简单

不断的失重

直到我失控

没有任何理由

你已经看见
怎会相信我说的我不痛

你要让时间怎么转

刚错过的怎么换

不想到醒来缺一块

我想过忘记
是最后最坏的打算

一尘不染

如此简单
 吉他 : 陈麒元@NoMarryStudio
 弦乐 : 国际首席爱乐乐团
 鼓 : 伊佳文
 鼓录音 : 万曦
 和声 : 彭浩楷
 混音/母带 : 钟焕楷@壹橙Music/谭玉堂
 封面设计 : ELANUS
 艺人经纪 : 青小桔@青桔娱乐
 艺人宣传 : 肖肖@Matrix/毛俊@青桔音乐
 音乐统筹 : 罗皓
 企划营销 : 花境艺@银河方舟/赵国庆@银河方舟
 艺人合作统筹：姚慧佳@银河方舟
 项目总监：宫尹琳@银河方舟
 出品人：陆㻛@银河方舟/张洛铭@Matrix/李淘@青桔音乐
 OP：青桔音乐
 SP：银河方舟",https://p2.music.126.net/rYmW2dKFseH2GYcVk8Lrqw==/109951168737879331.jpg,https://music.163.com/song?id=2063864551,文案⭕ 这个暑假必定🔥,2025-07-03 13:19:41,"往后我们无缘 回忆也是

何必提以前 我早恨透你了

嘴上说着释怀 实际偷偷怀念

你下意识闪躲的眼神 暴露了你

人总是这样 失去了才懂得珍惜 但结果并不如愿

为什么能戳中人心 因为亲身经历

拜托  不为情所困的女孩子 真的很帅

冷漠只是我不开心的保护色

假装不在意 一旦对视 窃喜的还是你

",2025-07-03 13:18:54,又把自己当成什么很重要的人了吗,2025-07-03 13:12:56
1926623288,小胡同,郑润泽,"作词 : 郑润泽
 作曲 : 郑润泽
 编曲 : 赵建飞
 制作人 : 李淘 /赵建飞
出品：网易音乐人 X 青云LAB
看着灰蓝色的天
我明白
我的手不是来牵
那不属于我的你
不应该再浮想联翩
坐在床沿
犹豫几遍
再回到那一条街
一直到
再没有你的出现
不用我问太多
不必想理由
总不能就一直纠缠
可我就是痛
就算是在梦中
在你走过的 那一片小胡同
我们因为什么才妥协
充斥无尽多的疑点
如果可以 也不必回到从前
可我还是痛
特别是在梦中
在我走过的 不属于我的时空
那些回忆猛然再浮现
看着曲折中的轴点
我想我们 不能再回到从前
再回到那一条街
一直到
再没有你的出现
不用我问太多
不必想理由
总不能就一直纠缠
需要温暖阻挡的季节
你仅仅只待了一遍
我不是不晓得
不是不明失得
可我就是痛
就算是在梦中
在你走过的 那一片小胡同
我们因为什么才妥协
充斥无尽多的疑点
如果可以 也不必回到从前
可我还是痛
特别是在梦中
在我走过的 不属于我的时空
那些回忆猛然再浮现
看着曲折中的轴点
我想我们 不能再回到从前
我想我们 不能再回到从前
吉他：周少伟
和声：曾婕Joey.Z
人声录音师：Cy.s
人声录音棚：QuarkStudio成都
弦乐编写：赵建飞
弦乐监制：李朋
弦乐：国际首席爱乐乐团
混音：178ky
封面：郑润泽
经纪公司：武汉青桔音乐文化传媒有限公司",https://p2.music.126.net/QsebYbDgQtKelH6r1iE2Fg==/109951167129280730.jpg,https://music.163.com/song?id=1926623288,我想要一个 能一直陪着我的人,2025-07-03 13:20:58,好想和你有未来,2025-07-03 13:18:45,从不后悔遇见你只是不想面对没有你的结局.,2025-07-03 13:16:52
2025186889,绽放,郑润泽,"作词 : 郑润泽
 作曲 : 郑润泽
 编曲 : Leezidi
 制作人 : 郑润泽/苗柏杨
你渴望得很简单
是两人的画面 而我却无法实现
从那天
气氛在瓦解
唯独用谎言 来缓解
这样的方式可能好一点
仓促整理的时间
床底的相片 打开有新的视线
才发现
是我的懵懂
所有的情绪 都失控
为什么我不懂你的执着
像好刺眼的光
让我的心滚烫
让梦和情景一个个地全都释放
是突然来的渴望
是来的猝不及防
亲爱的这束光
请敲打我的窗
像你照亮过的所有地方一样
我可不想 就这样遗忘
仓促整理的时间
床底的相片 打开有新的视线
才发现
是我的懵懂
所有的情绪 都失控
为什么我不懂你的执着
像好刺眼的光
让我的心滚烫
让梦和情景一个个地全都释放
是突然来的渴望
是来的猝不及防
亲爱的这束光
请敲打我的窗
像你照亮过的所有地方一样
我可不想 就这样遗忘
像好刺眼的光
让我的心滚烫
让梦和情景一个个地全都释放
是突然来的渴望
是来的猝不及防
亲爱的这束光
请敲打我的窗
像你照亮过的所有地方一样
我可不想 就这样遗忘
我可不想 就这样遗忘
 出品人：李淘
 贝斯 : 吴海涛
 鼓 : Barnes
 弦乐 : 国际首席爱乐乐团
 弦乐监制 : 李朋
 弦乐编写 : Leezidi
 和声：郑润泽/袁景翔@森岛文化
 录音：UESE STUDIO/卡尔STUDIO
 音乐编辑：郑润泽/谭玉堂
 混音：周天澈@studio21A
 母带：周天澈@studio21A
 封面：阳梒
 艺人经纪：青小桔@青桔娱乐
 出品：武汉青桔音乐文化传媒有限公司",https://p2.music.126.net/Ws93IUrJGR_lK-QEsdKTWw==/109951168408373477.jpg,https://music.163.com/song?id=2025186889,我们都要绽放,2025-07-03 13:16:18,[多多大哭][多多大哭],2025-07-03 13:14:28,倘若思念是阵阵细雨 落下你的世界是否变得潮湿,2025-07-03 13:06:09
2018733994,遐想,郑润泽,"作词 : 郑润泽
 作曲 : 郑润泽
 制作人 : 郑润泽/百川
 编曲 : 百川
出品：网易音乐人 X 青云LAB
想起我们初次紧张
越迷茫
是那些回忆不知不觉被遗忘
相片反射在我脸上的泪光
可碎了的不止 我这副模样
可我不知道的
是你给的遐想
是何时才扩张
又何时会绽放
可你已变模样
已不在我身旁
你做好新方向
后面是我和我的一切
太模糊的答案
麻烦的思念
要飞到哪去
才能够躲避这一些
反复跨越界限
在遗忘之前
我最后想一遍
最后整理一遍
可是我不停的下坠
不停地忏悔
独有的称呼最后换回我名字
本来说爱一辈子
问候也变成了冒昧
能有多冒昧
你早已经成我心中爱的意思
这叫我怎么停止
你仿佛早就提醒了我会离去
可我怎么能相信
这是我目前为止最难做的题
抓破头的一直想
太模糊的答案
麻烦的思念
要飞到哪去
才能够躲避这一些
反复跨越界限
在遗忘之前
我最后想一遍
最后整理一遍
 和声设计/和声：袁景翔@森岛文化/郑润泽
 出品人：李淘@青桔音乐
 混音：周天澈@Studio21A
 母带：周天澈@Studio21A
 封面拍摄制作：阳梒
 音编修音：谭玉堂
 录音师/录音：刘鹏锐/UESE STUDIO
 艺人经纪：青小桔@青桔娱乐
 出品：武汉青桔音乐文化传媒有限公司",https://p2.music.126.net/Ws93IUrJGR_lK-QEsdKTWw==/109951168408373477.jpg,https://music.163.com/song?id=2018733994,"我要你开心 只想让你开心.

你说的对 我本身就是一个烂人 是我配不上那惊喜宠爱礼物.

我不懂什么叫爱 但我知道我爱惨了你.

看到伤口上的血 渐渐清醒 又时而迷茫.

Z 即使我们永不相见 你也要平平安安的 我好想你 但是我没有办法.

我们越来越没有话题了 是要结束了嘛.
",2025-07-03 13:21:17,"事事不如意 那就随缘前行 好好吃饭 天天开心.

请相信 你值得被尊重 被肯定 被珍惜.

我需要千言万语吗我需要你待我如初.

别用你短暂的喜欢 打扰我平静的生活.

你永远是我青春最炽热的一页.

或许是眼泪让我看清了我们的距离.

你转头爱她的那一刻 我痛到窒息.

有点冷好像是天气又好像不是...",2025-07-03 13:16:55,"幸福都是模糊的只有痛苦是高清的.

如果有缘希望我们再次肩并肩.

不讨厌你了毕竟你以前对我最好.

别那么安静好嘛我们以前不是这样的.

不被定义庆幸自由你可以是任何样子.

你若一直陪着我我就不会羡慕别人.

下场栀子雨你就能闻到栀子花香吗.

我假装无所谓 可无数瞬间都在刺痛我.",2025-07-03 13:11:58
1345571065,遇见,郑润泽,"作词 : 郑润泽
 作曲 : 郑润泽
后期：郑润泽
prod by.elijah who
请把你的手给我
再次把心交给我
有很多个冬天
我们一起冬眠
我们走过的迷宫
相遇前肯定激动
下一次的见面
会有一点腼腆
你的眼神不再对我闪躲
喜怒哀乐内心不停地交错
等待我 等待我 等着我
见面时我到底该怎么做
害羞一点还是直率一点说呢
我爱你 不是我 只爱过
嘿你的心能高利贷的借吗
不知道为什么我看见你突然就结巴
穿过拥挤人群 看见你的秘密
想对我说爱你 没说出但我一直看得见
老城墙上面斑驳的颜色代表我们丰富的经历
无论哪里遇见什么事情都能很亲密
我们相遇在了这里随时随刻在你身上留下了印记
甜蜜的记忆
经历带给我的后遗症
我习惯在一起后做一些总结评论
今天我们的爱情是否满分五颗星
跟随我的声音 屏蔽议论 对着嘴巴亲
还有他们 怎么还能一直羡慕别人的爱情
总觉得这里不好那里不好哪儿都不太行
所以吧珍惜拥有的 身边的 优秀的 爱你的人
不伤害 她的心 她眼睛 亮晶晶",https://p2.music.126.net/4Hjd-x0JZor7nLIBnD-Upw==/109951163470907790.jpg,https://music.163.com/song?id=1345571065,哈哈哈哈,2025-07-03 12:45:53,雨雨你好啊祝你天天开心,2025-07-03 12:40:17,压力！,2025-07-03 12:35:42
1996909642,你（正式版）,郑润泽,"作词 : 郑润泽
 作曲 : 郑润泽
 编曲 : 杨格
出品人：李淘@青桔音乐
我想要你的爱
更想被你爱
思念很难捱
所以把底线大门一次次打开
寂寞如此的慷慨
它好像对我说 送给你了
有一些没说过的遗憾
有些事习惯保留一段
可能你也曾听说过 也分析了
猜测着虚假或真情感
难过和更难过各一半
我保留的回忆让空想更难
我的心空荡荡但不代表你本该住在里面
看树叶在渐渐飘落着直到平行于地面
或许这个位置不是为你而留
只是奔波不停的你稍有停靠 的作用
我想要你的爱
更想被你爱
思念很难捱
所以把底线大门一次次打开
寂寞如此的慷慨
把全部都给我 泪被挤开
我想要你的爱
已多少个礼拜
你不需要理睬
我习惯无法逃脱的期待
是可恨又可惜的我
把最后的温柔 送给你了
如果你说我
太过的软弱
如果这个理由
抛弃了放下了我
可怎么就不给我一点机会
别再离开我
请你相信我
你会明白的
我只希望的
我想要你的爱
更想被你爱
思念很难捱
所以把底线大门一次次打开
寂寞如此的慷慨
把全部都给我 泪被挤开
我想要你的爱
已多少个礼拜
你不需要理睬
我习惯无法逃脱的期待
是可恨又可惜的我
把最后的温柔 送给你了
 制作人：大凯Stu@森岛文化
 执行制作：魏楠@森岛文化
 和声/和声编写：袁景翔@森岛文化
 弦乐编写：杨格
 弦乐监制：胡静成
 小提琴：颜柯/张浩
 中提琴：毕芳
 大提琴：郎莹
 弦乐录音：王小四@金田录音棚
 音编/混音/母带：李宗远@Studio21A
 出品：武汉青桔音乐文化传媒有限公司",https://p2.music.126.net/UQodR9nMBVmlwITxwKtKmA==/109951168044945922.jpg,https://music.163.com/song?id=1996909642,要是你还在就好了 因为昨天是我们一周年啊.,2025-07-03 13:20:40,因为没有同步到动态哦,2025-07-03 13:12:41,其实你早就想离开了只是当时我刚好犯了个错,2025-07-03 13:02:05
2080177728,NUNA3.0,郑润泽,"作词 : 队长
 作曲 : 队长
 制作人 : 苗柏杨@壹橙Music/郑润泽
 出品 : 索尼音乐/Vanilla sky@队长
等你回来 等等你回来
有好多话 都想当面表白

空白了一块

烧酒 啤酒 兑成两杯
你不知道吧 我想你也会流泪
你好啊 你还好吗 NUNA
抱歉 把你 时间 全都浪费
直到此刻才心碎
你好啊 你还好吗

如果孤独是常态的话
那我可能深陷其中 不能自拔
也许说过了伤心的话
就会把你推离了我 更远一点了吧
我们相拥到凌晨的四点 都不想入眠
你和我说着你的从前
触碰着你的温暖的指尖
怎么会让你离开我身边

烧酒 啤酒 兑成两杯
你不知道吧 我想你也会流泪
你好啊 你还好吗 NUNA
抱歉 把你 时间 全都浪费
直到此刻才心碎
你好啊 你还好吗

在雨下的你眼眸真美
风铃吹呀吹 打湿了我的心扉
当你在我怀里 无助流泪
我以为我会 再也不让你心碎

等你回来 等等你回来
有好多话 都想当面表白
真是奇怪 只是对你依赖
空白了一块
等你回来 等等你回来
有好多话 都想当面表白
真是奇怪 只是对你依赖
空白了一块

烧酒 啤酒 兑成两杯
你不知道吧 我想你也会流泪
你好啊 你还好吗 NUNA
抱歉 把你 时间 全都浪费
想你不止是喝醉
你好啊 你还好吗

NUNA NUNA NUNA

编曲：朴桑松@壹橙Music
和声：彭浩楷
音频编辑：谭玉堂/刘明
混音/母带：谭玉堂@BestownStudio
项目协力：余祖意/朱卓天/Godfrey
宣推策划：大声密谋
总策划：杰森
出品人：陈国威 Andrew Chan@索尼音乐
特别鸣谢：队长",https://p2.music.126.net/HZ-fsdjxGFXrLpoOpseZIA==/109951169031129685.jpg,https://music.163.com/song?id=2080177728,".▻:🧴奶油捲ฅ

福布斯富婆👑 :-D💍

奶芙泡🐕 ʕ••ʕ••ʔ••ʔ

˗ˋˏ🎂ˎˊ˗恰口奥立奥

库洛米椰ᥫᩣ🕊",2025-07-03 12:27:05,翻来翻去找到你想要的答案了吗？,2025-07-03 11:12:32,我知道你其实没那么喜欢我  只是无聊才和我聊上几句  我其实也没太认真  也没戳穿你  因为我真的很喜欢你,2025-07-03 10:36:29
1391891631,嗜好,颜人中,"作词 : 张鹏鹏
 作曲 : 郑国锋
 编曲 : 关天天
 制作人 : 关天天/姚政
 总策划 : 唐晶晶
 监制 : 姚政/余竑龍
 企划 : 牛雪吟/罗旭
 混音 : 刘城函
 伴唱 : 俞建明
 弦乐 : 国际首席爱乐乐团
 封面设计 : 武中奇
我以为 能戒掉 不让回忆 打扰
谁知越努力抗拒 你越是喧闹
街道上人来人往 我手心里的空荡
以后会有 谁会前来造访
在拥挤 的人潮 寂寞一旦猖狂
心就立刻被丢到 旷野里流浪
当世界荒凉如岛 只有你能做停靠
也难免我 拉着过去不放
治不好 想念你的嗜好
再多时光 都徒劳
有谁能替代 你给的怀抱
忘不掉 想念你的嗜好
像囚禁人的监牢
我要关多久 才能够释放
在拥挤 的人潮 寂寞一旦猖狂
心就立刻被丢到 旷野里流浪
当世界荒凉如岛 只有你能做停靠
也难免我 拉着过去不放
治不好 想念你的嗜好
再多时光 都徒劳
有谁能替代 你给的怀抱
忘不掉 想念你的嗜好
像囚禁人的监牢
我要关多久 才能够释放
治不好 想念你的嗜好
再多时光 都徒劳
有谁能替代 你给的怀抱
忘不掉 想念你的嗜好
像囚禁人的监牢
我要关多久 才能够释放
这嗜好多久 才能戒得掉
网易云音乐特别企划“星辰集”出品
本歌曲来自〖网易音乐人〗",https://p1.music.126.net/J6HaJjtgv-yVVjyUm-h-AA==/109951164373633387.jpg,https://music.163.com/song?id=1391891631,安心睡吧 以后没有我的信息了 ,2025-07-03 13:22:06,"其他的平台 都听不了 还得是这里
",2025-07-03 13:19:25,替你们试过了真心换不来真心.,2025-07-03 13:15:26
1398283847,我只能离开,颜人中,"作词 : 余竑龙
 作曲 : 余竑龙
 编曲 : 余竑龙
 制作人 : 余竑龙
那些模糊破旧回忆
故事已归零
已经没有人会在意
视线停留在你倒影
爱不再清晰
不再有意义
我循着你的眼神痕迹
怎么不断提醒
所有那些曾经复杂的旋律
陷在这漩涡之间没办法逃离
忘不掉的
是先离开的
我是没有资格
挽留你的双手
紧紧拥抱着你的冷漠没力气
揭开所有你留的难题
想念你的呼吸
我才失去你给的那些难忘的
一瞬间掉落的泪只想牵着你不放
什么都都没说不能够再重头
我只能离开
我循着你的眼神痕迹
怎么不断提醒
所有那些曾经复杂的旋律
陷在这漩涡之间
没办法逃离
忘不掉的是先离开的
我是没有资格
挽留你的双手
紧紧拥抱着你的冷漠没力气
揭开所有你留的难题
想念你的呼吸
我才失去你给的
那些难忘的
一瞬间掉落的泪只想牵着你不放
什么都都没说
不能够再重头
我才失去你给的
那些难忘的
一瞬间掉落的泪只想牵着你不放
什么都就这样不能再一次重头
我只能离开
 吉他：曾威杰
 鼓：Andy chen
 贝斯：Andrew lu
 和声编写：余竑龙",https://p1.music.126.net/5GPFbTQU-kW57PGv_7LeBw==/109951164440649436.jpg,https://music.163.com/song?id=1398283847,兄弟。。。不要这样,2025-07-03 13:20:54,我的眼泪从来没有为幸福流过.,2025-07-03 13:09:41,应该是后会有期[憨笑][憨笑],2025-07-03 13:06:30
1406649619,有些,颜人中,"作词 : 李天阳
 作曲 : 郑国锋
 编曲 : 余竑龙
房间还是乱糟糟
外套还丢在一角
你搬走之后 我也没改变多少

藏着关心的打扰
简讯平静的语调
你说还好 抱着枕头也能睡着

Oh 好像是我的错
再多一个拥抱
我不再放掉

难过夹带陌生 的感觉 有一些
已模糊的镜头 拉不回 那从前
明明不是下雨天
却淋湿双眼
与你有关的泪点

又闪回到昨天 的错觉 有一些
你占据我世界 却不在 身边
我试着把抱歉 再说一遍
你 还是说了再见

房间还是乱糟糟
外套还丢在一角
你搬走之后 我也没改变多少

藏着关心的打扰
简讯平静的语调
你说还好 抱着枕头也能睡着

Oh 好像是我的错
再多一个拥抱
我不再放掉

难过夹带陌生 的感觉 有一些
已模糊的镜头 拉不回 那从前
明明不是下雨天
却淋湿双眼
与你有关的泪点

又闪回到昨天 的错觉 有一些
你占据我世界 却不在 身边
我试着把抱歉 再说一遍
你 还是说了再见

和你的照片还留着
笑中带泪是我输了
剩下弃权的选择

难过夹带陌生 的感觉 有一些
已模糊的镜头 拉不回 那从前
明明不是下雨天
却淋湿双眼
与你有关的泪点

又闪回到昨天 的错觉 有一些
你占据我世界 却不在 身边
我试着把抱歉 再说一遍
你 还是说了再见

制作人：余竑龙
执行制作：卢昌平
配唱：余竑龙
合声编写：郁采真
吉他：黄德霖/卢昌平
貝斯：卢昌平
混音：余竑龙",https://p1.music.126.net/8DkTnzi7jdjWGYl4qbwLCg==/109951164517295956.jpg,https://music.163.com/song?id=1406649619,可是你爱我只是我的幻想罢了[呲牙][呲牙][呲牙],2025-07-03 13:18:17,好听好听,2025-07-03 12:54:15,好好听,2025-07-03 12:53:46
1359356908,晚安,颜人中,"作词 : 陈志杰
 作曲 : 陈志杰
 编曲 : 关天天
窗挡住月色 贪恋的交集
在浮语虚词中交映
忙碌的身影 慢慢的长夜
去匆匆地留下感情
声色太慌张 你眼神逃避
却如此地令人着迷
为何总留恋这种 暧昧的迷离
曾经多少个牵肠拉扯不舍夜晚
到现在热情褪成陌路的感叹
何必拿真心与寂寞去纠缠
几人份的畅谈 道三两句晚安
惹多情的遐想 却轻易地走散
情意绵绵总与见异思迁为难
总是不能抵抗你信手的晚安
执迷与你忽远忽近烂桥段
迂回一句晚安 多情人却自找难堪
声色太慌张 你眼神逃避
却如此地令人着迷
为何总留恋这种 暧昧的迷离
曾经多少个牵肠拉扯不舍夜晚
到现在热情褪成陌路的感叹
何必拿真心与寂寞去纠缠
几人份的畅谈 道三两句晚安
惹多情的遐想 却轻易地走散
情意绵绵总与见异思迁为难
总是不能抵抗你信手的晚安
执迷与你忽远忽近烂桥段
迂回一句晚安 多情人却自找难堪
几人份的畅谈 道三两句晚安
惹多情的遐想 却轻易地走散
情意绵绵总与见异思迁为难
总是不能抵抗你信手的晚安
执迷与你忽远忽近烂桥段
迂回一句晚安 多情人却自找难堪
迂回一句晚安 多情的人始终难堪
总策划：唐晶晶
制作人：关天天
监  制：姚政、余竑龍
企  划：牛雪吟/陈尚禔
统  筹：袁晓童
混  音：刘城函
吉  他：关天天
伴  唱：俞建明
网易云音乐特别企划“星辰集”",https://p1.music.126.net/-rC55JsnmEWvafJQsAZaWw==/109951170473693123.jpg,https://music.163.com/song?id=1359356908,少焦虑 多睡觉 常开心 我爱你,2025-07-03 13:15:19,曾经那个彻夜长谈的人已经不见了 找她都会害怕打扰到她,2025-07-03 12:54:58,不亲自尝试一下 又怎么会甘心呢,2025-07-03 12:53:36
1482867143,夏夜最后的烟火,颜人中,"作词 : 陆菱纱
 作曲 : 史大卫
 编曲 : 史大卫/周鹏霄
 制作人 : 史大卫

你的眼睛 比海辽阔
夕阳下黄昏亲吻泡沫
在你身边 是最安心的时刻

你的背影 陪我沉默
有一种默契不问也懂
冰的啤酒 代替不说的失落

当我抬起头 你正看向我
眼中倒映着夏夜绚烂的烟火
灰暗的心 竟然开始变鲜活
你的存在 治愈我

月慢慢沉了 海风还吹着
我也愿意做你的头号支持者
感谢是你 从来坚定又温和
并肩走着 我就永远不会跌落

望着夜空 繁星闪烁
跟你聊梦想剩下什么
你却笑了 说只想我能快乐

在那一刻 突然静默
原来不管世界多严苛
可以脆弱 可以是不完美的

当我抬起头 你正看向我
眼中倒映着夏夜绚烂的烟火
灰暗的心 竟然开始变鲜活
你的存在 治愈我

月慢慢沉了 海风还吹着
我也愿意做你的头号支持者
感谢是你 从来坚定又温和
并肩走着 我就永远不会跌落

一起等日出 一起数星河
一起看完了 夏夜最后的烟火
灰暗的心 竟然开始变鲜活
你的存在 治愈我

月慢慢沉了 海风还吹着
我也愿意做你的头号支持者
感谢是你 从来坚定又温和
并肩走着 我就永远不会跌落

 吉他 : 史大卫
 和声编写 : 史大卫
 键盘 : 周鹏霄
 合成器 : 周鹏霄
 贝斯 : 黄俊杰
 鼓 : 朱彬赫
 人声录音 : 杨祎@RaySound Studio
 人声配唱 : 杨祎@RaySound Studio
 混音 : 官硕
 母带 : 官硕
 封面拍摄 : yokoego
 视觉设计 : kyrja
 策划 : 清舆/景她
 监制 : 闫卡夫
 OP/SP : 倍司诺音文化传媒（杭州）有限责任公司（纳吉音Negia Entertainment）
 音乐企划/出品：三糙文化/纳吉音NEGIA
 
 本歌曲来自〖云上工作室〗
 
 10亿现金激励，千亿流量扶持！
 
 业务联系：yunmusic_2013@163.com",https://p1.music.126.net/i1p1CCz6PaDF2Gs0RqKJBQ==/109951165349625690.jpg,https://music.163.com/song?id=1482867143,懂得都懂[喜欢],2025-07-03 13:19:17,"想听你叫我然然



",2025-07-03 12:54:11,偶遇早春,2025-07-03 12:50:10
1493976789,My love,颜人中,"作词 : 颜人中/余竑龙/芮彼
 作曲 : 颜人中/余竑龙
想要就这样的一直陪着你
想要每天感受到 你给的温度
我就只想要这样 牵着你走过每一步
阳光照亮着你眼睛 不需要再多 也美丽
说了再多你却毫不在意
我开始没有了自己
把我留在原地想你
忍着受伤前进
你却已经远离我而去
My love My BAE
好像你一直都在这里
My love My BAE
开始对你动心动了情
My love My BAE
虽然早已习惯没了你
My love My love My Baby
当这一切都化成了灰烬
你顺势偷走了回忆
剩我停留过去想你
忍着受伤前进
你却已经远离我而去
My love My BAE
好像你一直都在这里
My love My BAE
开始对你动心动了情
My love My BAE
虽然早已习惯没了你
My love My love My Baby
My love My love
虽然早已习惯没了你
My love My love My Baby
和声编写：余竑龙
键盘：林均宪、余竑龙
吉他：阿兰
贝斯：欧易
混音：余竑龙、陈书伟
母带后制：赖世凯
摄影：崔一三",https://p1.music.126.net/Ym3N-yC83r8l0Sf6ht5qIA==/109951165454950112.jpg,https://music.163.com/song?id=1493976789,祝你们幸福呀,2025-07-03 13:22:33,好久不见 你居然学会了公开 那些我没有的 她都有了 原来你不是木讷的树,2025-07-03 12:47:02,放个假 无聊死了,2025-07-03 12:39:21
1434309927,你想要的,颜人中,"作词 : 徐嘉蔚
 作曲 : 苗小青
 编曲 : 黄德霖
 制作人 : 余竑龙
 和声编写 : 郁采真
 弦乐编写 : 王韵筑
 贝斯 : 卢昌平
 混音 : 赖世凯
 执行制作 : 卢昌平
 统筹 : 李婷/贾骏夫
 OP/SP : 北京小唱科技有限公司
直到最后你还给我送你的礼物
我都以为是你又一次次的反复
因为每次起的冲突都是我让步
背负着你给我的无辜
追光灯下的我们在共舞
却看不清你真正的面目
小心翼翼跟着你的脚步
使我早已忘了退路
为什么爱你爱得饥肠辘辘
而你却像感觉满身包袱
我的付出不是你想要的礼物
直到最后你还给我送你的礼物
我都以为是你又一次次的反复
因为每次起的冲突都是我让步
背负着你给我的无辜
追光灯下的我们在共舞
却看不清你真正的面目
小心翼翼跟着你的脚步
使我早已忘了退路
为什么爱你爱得饥肠辘辘
而你却像感觉满身包袱
我的付出不是你想要的礼物
追光灯下的我们在共舞
却看不清你真正的面目
小心翼翼跟着你的脚步
使我早已忘了退路
为什么爱你爱得饥肠辘辘
而你却像感觉满身包袱
我的付出不是你想要的礼物",https://p1.music.126.net/OzDIi7gUmsPkRUtF-slgYA==/109951164844070975.jpg,https://music.163.com/song?id=1434309927,曾以为照片是用来纪念的 原来是用来怀念的,2025-07-03 13:19:54,我什么都不要了我很累 把睡眠还给我就好了我已经很久没有睡过好觉了,2025-07-03 13:19:01,那天我问你是不是不喜欢我了 你说没有 可是我看了你跟那个女孩子…我哭了好久好久 再也没有理过你 你还会找我 直到你离开那天 我才知道 你根本没有爱过我[西西晕了],2025-07-03 12:15:28
1369601580,祝你爱我到天荒地老,颜人中,"作词 : 邹念慈/颜人中/VaVa娃娃
 作曲 : 邹念慈
编    曲：关天天
祝我 梦到那种有你的梦
祝我 学会每首你爱的song
祝我 将你的眼角眉梢
都猜透
祝我 想你到不知变通
祝我 专属拥有你的胸口
祝我 一不小心掉进你温柔
你别在那傻傻等
爱 就是爱吧 好过沉闷
我 不想 不想让你一个人
到底患了什么病症
天色渐晚时我最爱分神
荒芜的心事认真
地在撩人
老想 给你最甜蜜的眼神
不想 假装矜持错过缘分
离你爱我还有几个时辰
VaVa：
不知道爱你这件事 会到什么时候
弃掉了所有时间末日之前明天之后
奇怪你说的每句话 都会牢牢记在心里
学会你爱玩的游戏想要给你更多惊喜
每个眼神我都在意
十分怪异
为什么当你出现后任何人都没办法代替
为你写爱的旋律
还是想要和你联系
傻傻的等你回的简讯烦恼却又甜蜜

祝我 梦到那种有你的梦
祝我 学会每首你爱的song
祝我 将你的眼角眉梢
都猜透
祝我 想你到不知变通
祝我 专属拥有你的胸口
祝我 一不小心掉进你温柔
你 别在那傻傻等
爱 就是爱吧好过沉闷
我 不想不想让你一个人
到底患了什么病症
天色渐晚时我最爱分神
荒芜的心事认真
地在撩人
老想 给你最甜蜜的眼神
不想 假装矜持错过缘分
离你爱我还有 几个时辰
到底患了什么病症
天色渐晚时 我最爱分神
荒芜的心事认真
地在撩人
老想 给你最甜蜜的眼神
不想 假装矜持错过缘分
离你爱我还有几个时辰
离你爱我还有几个时辰
总策划：唐晶晶
制作人：关天天
监   制：姚   政、余竑龍
说   唱：VaVa
企   划：牛雪吟
统   筹：袁晓童、徐壮
混   音：刘城函
伴   唱：俞建明
网易云音乐特别企划“星辰集”出品",https://p1.music.126.net/HUndbFyGT5_Eiei0pbiK-w==/109951164124732670.jpg,https://music.163.com/song?id=1369601580,嗯,2025-07-03 12:45:15,好的,2025-07-03 12:34:31,"照片:一张车窗照

BGM: 无人之岛

文案:学校天气好不好  你过得好不好",2025-07-03 12:20:50
1454723856,某年某月某天,颜人中,"作词 : 颜人中
 作曲 : 颜人中
 编曲 : 林均宪
制作人：余竑龙@红龙制乐
编曲：林均宪

有些事情都说 不好
不想成为你的打扰
却天真无邪的想 到老
兜了一圈才知道

那一晚是谁在 咆哮
是熬在心上的煎熬
当所有陷入泥沼
直到
无可救药

会不会在那某年某月某天
我们依偎在平行世界
相约在另一个界线
距离不算太远

直到终点都毁灭 不再出现
化成沙 度过了千年
不只一点
是我在你 心里搁浅

那一晚是谁在 咆哮
是熬在心上的煎熬
当所有陷入泥沼
直到
无可救药

会不会在那某年某月某天
我们依偎在平行世界
相约在另一个界线
距离不算太远

直到终点都毁灭 不再出现
化成沙 度过了千年
不止一点
是我在你 心里搁浅

能不能给我第一次那第一次拥抱
能不能对我说一句 我还能听得到

会不会在那某年某月某天
我们依偎在平行世界
相约在另一个界线
距离不算太远

直到终点都毁灭 不再出现
化成沙 度过了千年
不止一点
是我在你 心里搁浅

吉他：罗绍恩
鼓：刚果
和声编写：郁采真
弦乐编写：林均宪
弦乐：曜爆甘音乐工作室
第一小提琴 ：蔡曜宇
第二小提琴 ：陈奕勇
中提琴：甘威鹏
大提琴：刘涵隐分子
录音师：杨敏奇
录音室：强力录音室
混音：陈书伟
本歌曲来自〖云上工作室〗
10亿现金激励，千亿流量扶持！
业务联系：yunmusic_2013@163.com",https://p1.music.126.net/CTFzb4yty-5hlCFTWX-Ybw==/109951165054989345.jpg,https://music.163.com/song?id=1454723856,卿卿,2025-07-03 12:46:22,女生全都打过了一遍，每一遍都哭死，我自己也是dm,2025-07-03 12:21:43,你也会夸别的女孩可爱对嘛 算了我不问了,2025-07-03 12:21:10
1958150862,下一个天亮,颜人中,"作词 : 姚若龙
 作曲 : 陈小霞
 编曲 : 许钧
 制作人 : 许钧
用起伏的背影挡住哭泣的心
有些故事不必说给每个人听
许多眼睛看的太浅太近
错过我没被看见那个自己

用简单的言语解开超载的心
有些情绪是该说给懂的人听
你的热泪比我激动怜惜
我发誓要更努力更有勇气

等下一个天亮
去上次牵手赏花那里散步好吗
有些积雪会自己融化
你的肩膀是我豁达的天堂
等下一个天亮
把偷拍我看海的照片送我好吗
我喜欢我飞舞的头发
和飘着雨还是眺望的眼光

用简单的言语解开超载的心
有些情绪是该说给懂的人听
你的热泪比我激动怜惜
我发誓要更努力更有勇气

等下一个天亮
去上次牵手赏花那里散步好吗
有些积雪会自己融化
你的肩膀是我豁达的天堂
等下一个天亮
把偷拍我看海的照片送我好吗
我喜欢我飞舞的头发
和飘着雨还是眺望的眼光

时间可以磨去我的棱角
有些坚持却永远磨不掉
请容许我小小的骄傲
因为有你这样的依靠

等下一个天亮
去上次牵手赏花那里散步好吗
有些积雪会自己融化
你的肩膀是我豁达的天堂
等下一个天亮
把偷拍我看海的照片送我好吗
我喜欢我飞舞的头发
和飘着雨还是眺望的眼光


 原唱 : 郭静
 吉他Guitars by : 许钧
 贝斯Bass by：许钧
 键盘 Keys by：许钧/黄歆婷
 节奏编程 Beat Program by：许钧
 和声编写&和声 Backing Vocal Arranged and Performed by：鱼椒盐
 音乐编辑 Music Edited by：汝文博@SBMS Beijing、Sanbist Lin克昶 @ELEVENZMUSIC、卜澳鹏
 制作助理 Production Assisted by：卜澳鹏
 制作统筹 Production Coordinated by：杜以丞@ELEVENZMUSIC
 混音母带 Mixed and Mastered by：Sanbist Lin克昶 @ELEVENZMUSIC
 监制 Executive Producer：Wenasa黄嘉雯@银河方舟
 项目企划 Chief Coordinator：陈蒙蒙@银河方舟 Terry@银河方舟 袋熊@银河方舟
 营销协力Marketing assist：阮庭萱@银河方舟
 商务统筹 Business Manager：赖可@银河方舟 郭如歌@银河方舟
 品牌宣传 Brand Coordinator：原晞@银河方舟
 音乐内容企划及制作统筹 Planner&Produce Coordinator：十一制造
 营销推广 Marketing promotion：银河方舟X壳壳菠萝
 项目总监 Project Supervisor：庄有豪@银河方舟 车银锡@avex china
 出品人 Chief Producer：陆瑒@银河方舟 高致远@avex china
 出品 Production Team：银河方舟 X avex china
 OP:Great Music Publishing Ltd./ ROOF TOP MUSIC STUDIO
 SP:ADVANCE FORESIGHT INC先见有限公司/百代音乐版权代理（北京）有限公司",https://p1.music.126.net/tnptLhv4Ni0rCcJKHuH99w==/109951168073189447.jpg,https://music.163.com/song?id=1958150862,hi,2025-07-03 07:58:11,oooo,2025-07-03 06:44:55,[多多大笑],2025-07-03 06:36:16
2124385868,如果爱忘了 (live),汪苏泷,"作词 : 李志清/唐恬
 作曲 : 林天爱
 编曲 : 林天爱


单依纯
总有一些话 来不及说了
总有一个人 是心口的朱砂
想起那些话 那些傻 眼泪落下
合
只留一句 你现在好吗
单依纯
如果爱忘了 泪不想落下
那些幸福啊 让她替我到达（汪苏泷：替我到达）
如果爱懂了（汪苏泷：懂了）
合
承诺的代价
单依纯
不能给我的
合
请完整给她
汪苏泷
相爱过如果是爱的够久 分开越疼吧
想念你的脸颊你的发 我并不害怕
心中总有对你的牵挂
像愈合不了的疤
我再也不敢碰它
却隐隐的痛在那
可时间是个玩笑吧
合
根本洗不掉回忆
汪苏泷
你住在我心里面啦
合
可我必须要抽离
汪苏泷
为了让生活能继续
可现在你在哪里
合
虽然已没假如
汪苏泷
如果爱忘了 泪不想落下
那些幸福啊
合
让她替我到达
如果爱懂了
承诺的代价
汪苏泷
不能给我的
合
请完整给她
我说我忘了 不痛了
那是因为太爱太懂了
笑了 原谅了 为你也值得
用你的快乐 告诉我
现在放开双手是对的
别管我多 舍不得
汪苏泷
如果爱忘了 就放他走吧
单依纯
那些幸福啊
合
让她替我到达
如果爱懂了 承诺的代价
不能给我的 请完整给她
单依纯
如果爱忘了
合
你还记得吗
 
 Rap词：汪苏泷
 原唱：戚薇
 SP：北京大石音乐版权有限公司/索尼音乐版权代理（北京）有限公司
 音乐总监：谷粟@牛班NEWBAND
 音响总监：何飚
 舞台总监：李柯
 艺术顾问：金兆钧
 音乐设计：王皓@WONDERWALL 
 制作人：汪苏泷
 改编编曲：冒振瑶
 对唱设计：汪苏泷、单依纯
 弦乐编写：冒振瑶
 吉他编写：王迪
 和声编写：徐杰
 监制：金若晨
 混音：林梦洋
 乐队队长：董音@牛班NEWBAND
 键盘：董音@牛班NEWBAND/洪信杰@牛班NEWBAND
 吉他：黄仲贤@牛班NEWBAND/高恭鹏@牛班NEWBAND
 贝斯：宣一亨@牛班NEWBAND
 鼓：郝稷伦@牛班NEWBAND
 打击乐：李拙文@牛班NEWBAND
 和音：王梓琼@牛班NEWBAND/杨画画@牛班NEWBAND 
 李郡洲@牛班NEWBAND/张石荻@牛班NEWBAND
 PGM：郭锦阳@牛班NEWBAND         
 弦乐：刘星弦乐团@牛班NEWBAND",https://p1.music.126.net/3nL__2mV7k65XMoUw6Gu-g==/109951169721390560.jpg,https://music.163.com/song?id=2124385868,是的,2025-07-03 13:06:37,接接接,2025-07-03 13:03:06,有进步只能说 但是没全部发挥出来,2025-07-03 12:35:27
2071935674,我想念,汪苏泷,"作词 : 汪苏泷
 作曲 : 汪苏泷
 编曲 : 金若晨
 制作人 : 汪苏泷
 出品人 : 李思睿
樱花覆盖地面
放映黑白默片
我终于懂了别人口中说的那种思念
凌晨过12点
熄灯的便利店
你的外套还留在我家的客厅里面
我想念那个不下雪的冬天
我想念你躲在我围巾里面
我想念我们取暖的咖啡店
想念你一切
我想念那个不太热的夏天
我想念两人牵着手的大街
我想念你说过的那种永远
离我有多远
无人的斑马线
夜空繁星点点
你说看到流星就要懂得许下心愿
如果愿望能实现
再看你任性一遍
亲爱的你是唯一让我如此难以入眠
我想念那个不下雪的冬天
我想念你躲在我围巾里面
我想念我们取暖的咖啡店
想念你一切
我想念那个不太热的夏天
我想念两人牵着手的大街
我想念你说过的那种永远
离我有多远
有多少惦念
尽量把话说的简短些
记忆如秋千反复在脑海盘旋
我想念那个不下雪的冬天
我想念你躲在我围巾里面
我想念我们取暖的咖啡店
想念你一切
我想念那个不太热的夏天
我想念两人牵着手的大街
我想念你说过的那种永远
离我有多远
 监制 : 金若晨
 弦乐编写 : 金若晨
 弦乐 : 国际首席爱乐
 大提琴 : 张平
 和声编写 : 徐杰
 和声 : 姜糖Shirley
 录音师 : 多斯@Studio21A
 录音棚 : Studio21A
 混音/母带 : 崔禄
 杜比全景声混音工程师 : 张步若
 制作统筹 : 潘卉琦
 企划统筹 : 任孝恒
 出品公司 : 北京大象无形音乐有限公司",https://p1.music.126.net/MIWMnBEedpJ8IpOau5D7PA==/109951168829804653.jpg,https://music.163.com/song?id=2071935674,那么多幸福 讽刺吗,2025-07-03 13:18:56,"给我一点时间我不会比任何人差.

以为是你不懂的 其实是我不值得

人总是掂量不清在别人心里的位置.

我偷偷看你的账号 因为你曾经也是我爱的人

我怕疼 但我拿起刀时 会毫不犹豫.

人不能太过于执着 要坦然接受任何人的离开.",2025-07-03 13:08:39,"那些你觉得很美好的誓言现在都烂透了

翻的不是旧账而是解不开的心结

没有以后了没关系我们还有回忆

你又不懂我为何来爱我

我心软所以你就要一直骗我",2025-07-03 13:07:37
2674443509,像晴天像雨天,汪苏泷,"作词 : 汪苏泷
 作曲 : 汪苏泷
 制作人 : 汪苏泷
措手不及
遇见你我开始变得不太聪明
心跳加速有时候呼吸也暂停
身体
无法控制向你靠近

步步为营
人物关系走向不可控的剧情
窗外飞过着宣告恋爱的蜻蜓
想你
我的心事变得透明

一意孤行汲汲营营寸步难行
慢慢累积拼凑不完整的旋律
我一贯的小心翼翼
现在却想要告诉你

好喜欢你
像春天的花朵盛开在夏夜里
像微风吹过雨后泥土的香气
像迷途的旅人到达了目的地
像飞舞蝴蝶被绚烂色彩吸引

像流传许久神秘的爱情咒语
像喧嚣的午后突然变的安静
像眼泪落入海底逃离了孤寂
如果我能给你短暂的开心

步步为营
人物关系走向不可控的剧情
窗外飞过着宣告恋爱的蜻蜓
想你
我的心事变得透明

猜你话语猜你表情猜你欢喜
猜不出你猜不出我们的结局
能不能这次不冷静
能不能大声告诉你

好喜欢你
像春天的花朵盛开在夏夜里
像微风吹过雨后泥土的香气
像迷途的旅人到达了目的地
像飞舞蝴蝶被绚烂色彩吸引

像流传许久神秘的爱情咒语
像喧嚣的午后突然变的安静
像眼泪落入海底逃离了孤寂
如果我能给你短暂的开心

花朵盛开夏夜里
雨后泥土的香气
旅人到了目的地
像蝴蝶被色彩吸引
神秘的爱情咒语
午后突然变安静
眼泪逃离了孤寂

好喜欢你
像春天的花朵盛开在夏夜里
像微风吹过雨后泥土的香气
像迷途的旅人到达了目的地
像飞舞蝴蝶被绚烂色彩吸引

像流传许久神秘的爱情咒语
像喧嚣的午后突然变的安静
像眼泪落入海底逃离了孤寂
像现在的我决定不再问结局

编曲 Arrangement：Flash piggy
吉他 Guitar：王迪 Wang Di
和声 Backing Vocal：徐杰 Xu Jie /姜雪婷 Jiang Xueting
混音/母带 Mixing/Mastering Engineer：Heidi Wang
监制 Supervisor：金若晨 Jin Ruochen
音乐制作统筹 Coordinator：梅玥华 Shirley Mei
OP/SP：北京大象无形音乐有限公司
音乐制作 Produced：哇唧唧哇娱乐（天津）有限公司 Wajijiwa Entertainment (Tianjin) Co., Ltd.
出品/母带版权公司 Production Company：哇唧唧哇娱乐（天津）有限公司 Wajijiwa Entertainment (Tianjin) Co., Ltd.

【未经著作权人许可 不得翻唱翻录或使用】",https://p1.music.126.net/gN6htv5E9WwyOoTASMuvDQ==/109951170483576228.jpg,https://music.163.com/song?id=2674443509,原著很好啊，剧版有部分改的太那啥了,2025-07-03 11:56:21,来江苏！！,2025-07-03 11:14:18,难哄到底好不好看,2025-07-03 00:30:51
28724351,晴,汪苏泷,"作词 : 汪苏泷
 作曲 : 汪苏泷
 编曲 : 陈迪/汪苏泷
 制作人 : 胡皓
音乐随机播放着
突然唱到那首歌
那首我们一起听过的
你最爱的情歌

歌词里面的转折
现在变成了你我
可惜那首歌没告诉我
怎样挽留你呢

现在谁能够在你心里面
你就多对谁好一点

现在的我虽然依然想念
却故意不和你遇见

爱过了几年才能停
雨下了几天才能晴
我没有伤心
眼泪只是刚好而已

有些歌太触景伤情

却还是舍不得暂停
窗外已放晴
我的爱怎么停
现在谁能够在你心里面
你就多对谁好一点
现在的我虽然依然想念
却故意不和你遇见

爱过了几年才能停
雨下了几天才能晴
我没有伤心
眼泪只是刚好而已

有些歌太触景伤情
却还是舍不得暂停
窗外已放晴
我的爱怎么停

这首歌的旋律从未忘记
就好像是你的声音和表情

当我闭上眼睛

爱过了几年才能停
雨下了几天才能晴
我没有伤心
眼泪只是刚好而已

有些歌太触景伤情
却还是舍不得暂停
窗外已放晴
我的爱怎么停
 和声编写 : 胡皓
 和声 : 胡皓
 吉他 : 张楚弦
 贝斯 : 章谋圣
 鼓 : 陈志昆
 弦乐 : 国际首席爱乐乐团
 vocal录音 : 齐文涛@北京光合声动录音室
 Bass录音 : 王安琪@温柔耶希亚录音室
 鼓录音 : 周天澈@北京TweakToneLabs
 弦乐录音 : 于昊@北京TweakToneLabs
 混音 : 毕崇宁@北京Power Sound Studio",https://p1.music.126.net/BOeBoYkKmTBaEEkvGpYncA==/109951168750495484.jpg,https://music.163.com/song?id=28724351,好的哈,2025-07-03 13:00:47,"有多喜欢就有多放不下
一个熟悉的身影一句熟悉的声音便忍不住回望",2025-07-03 12:08:26,养活了多少短视频[笑哭],2025-07-03 11:29:45
2149816863,如果可以 (Live版),汪苏泷,"原唱 : 韦礼安
 作曲 : 韦礼安/JerryC
 编曲 : 冒振瑶
 制作人 : 汪苏泷
 监制 : 金若晨
 吉他编写 : 冒振瑶/王迪
 对唱设计 : 汪苏泷
 和音编写 : 徐杰
 音乐总监 : 刘卓@维伴音乐
 音响总监 : 何飚
 音乐混音 : 林梦洋
 鼓 : 卢炜@维伴音乐
 打击乐 : 刘效松@维伴音乐
 贝斯 : 李九君@维伴音乐
 吉他 : 崔万平@维伴音乐
 钢琴 : 傅一峥@维伴音乐
 键盘 : 李海郡@维伴音乐
 Program : 郎梓朔@维伴音乐
 合音 : 石行@维伴音乐/马思莹@维伴音乐/邢晏侨@维伴音乐
 录音 : 黄可爱@维伴音乐
 乐队统筹 : 张伊然@维伴音乐
你的声音解开了故事的谜语
落下一万年的约定
大树下的你红色围巾手心里捧的雨
哭了笑了除了你还是你
我们如果又一次错过
不敢牵起你的手
我会多么寂寞
等待红线来的时候
如果可以我想和你回到那天相遇
让时间停止那一场雨
只想拥抱你在身边的证据
吻你的呼吸
一眨眼一瞬间你说好就是永远不会变
大树下的你红色围巾手心里捧的雨
哭了笑了除了你还是你
我们如果又一次错过
不敢牵起你的手
如果没有如果等到红线来的时候
如果可以我想和你回到那天相遇
让时间停止那一场雨
只想拥抱你在身边的证据吻你的呼吸
一眨眼一瞬间你说好就是永远
如果可以茫茫人海千年一眼相遇
月光下转身那就是你
红线划过深藏轮回的秘密
我挥霍运气
因为你才让我背对命运不害怕
靠近了相信了
到底我们爱得有多狼狈
暴雨狂风也不想防备
爱了就爱了
只刻在我们泪光的约定
火开出了花
如果可以我想和你回到那天相遇
让时间停止那一场雨
只想拥抱你在身边的证据
吻你的呼吸
一眨眼一万年留给我别困住你
如果可以茫茫人海千年一眼相遇
月光下转身那就是你
红线划过深藏轮回的秘密
我花光运气
你是我赌上世界的决定",https://p1.music.126.net/9AP_AJLaACliGYpclAlz2g==/109951169534405328.jpg,https://music.163.com/song?id=2149816863,爱你泷泷,2025-07-03 08:57:22,啵唧,2025-07-03 08:57:04,别翻了 你好可爱 我爱你宝宝,2025-07-03 04:15:32
165361,不分手的恋爱,汪苏泷,"作词 : 汪苏泷
 作曲 : 汪苏泷
 编曲 : 汪苏泷
不知不觉不问 不痛不痒
多少的时光
不确定的某个 夜晚小巷
泪悄悄流淌
街边天气微凉 淡淡月光
我沿路哼唱
找寻我们一直 找不到的
缘分被捆绑
感觉不到你为我坚强
感觉得到你对我说谎
我安静听着肖邦
用维也纳忧伤
你的爱被埋葬 恨被收藏
痛应该原谅
我的爱不用讲 恨不用想
思念在发烫
看着你的脸庞 背着行囊
说要去远方
谁还记得那年我拉着你说
爱永远一样
我也搞不懂为什么那么多真心相爱
到最后 都会变成两个人分开的无奈
当初我们说过要谈一场永远不分手的恋爱
是否今天这句话竟变成我们之间的阻碍
不想太多 不想太多 也许会明白的更多
不想再说 不想再说 就让我们彼此沉默
现在我们终于明白 结局却也无法更改
这场不分手的恋爱 我想结局注定失败
不知不觉不问 不痛不痒
多少的时光
不确定的某个 夜晚小巷
泪悄悄流淌
街边天气微凉 淡淡月光
我沿路哼唱
找寻我们一直 找不到的
缘分被捆绑
感觉不到你为我坚强
感觉得到你对我说谎
我安静听着肖邦
用维也纳忧伤
你的爱被埋葬 恨被收藏
痛应该原谅
我的爱不用讲 恨不用想
思念在发烫
看着你的脸庞 背着行囊
说要去远方
谁还记得那年我拉着你说
爱永远一样
你的爱被埋葬 恨被收藏
痛应该原谅
我的爱不用讲 恨不用想
思念在发烫
看着你的脸庞 背着行囊
说要去远方
谁还记得那年我拉着你说
爱永远一样",https://p1.music.126.net/0WUciQeFa8l6LtNgfU-Mqg==/18537766044710327.jpg,https://music.163.com/song?id=165361,哥哥改编的演唱会版本的间奏也太有那个味道了吧[钟情],2025-07-03 13:13:34,羡慕，原来想要修成正果，需要从高一就开始吗？一定是这样的，需要从高一就开始，一定是这样的，一定是,2025-07-03 12:58:02,删掉的你很勇敢。然后你会努力假装自己忘记了，一次次又一次次。再然后你会在某个时间把她加上，或许不会给她发消息，只会经常看着跟她空白的聊天界面发呆，再然后你会对信息提示音特别敏感，哪怕睡熟了，你都会听到并第一时间拿起手机看一眼。,2025-07-03 12:52:48
165340,有点甜,汪苏泷,"作词 : 汪苏泷
 作曲 : 汪苏泷
 编曲 : 金若晨
 制作人 : 胡皓/汪苏泷
 和声编写 : 胡皓 汪苏泷
 和声 : 汪苏泷 By2 阿莲
 吉他 : 谷粟
 录音 : 章谋杰@北京飞行者录音室
 混音 : 章谋杰@北京飞行者录音室
汪：摘一颗苹果
等你从门前经过
送到你的手中帮你解渴
BY2：像夏天的可乐
像冬天的可可
你是对的时间对的角色
汪：已经约定过
一起过下个周末
你的小小情绪对我来说
BY2：我也不知为何
伤口还没愈合
你就这样闯进我的心窝
是你让我看见干枯沙漠开出花一朵
汪：是你让我想要每天为你写一首情歌
BY2：用最浪漫的副歌
汪：你也轻轻的附和
合:眼神坚定着我们的选择
BY2：是你让我的世界从那刻变成粉红色
汪：是你让我的生活从此都只要你配合
BY2：爱要精心来雕刻
汪：我是米开朗基罗
合：用心刻画最幸福的风格
BY2：用时间 去思念 爱情有点甜
这心愿 不会变 爱情有点甜
汪：已经约定过
一起过下个周末
你的小小情绪对我来说
Miko：我也不知为何
伤口还没愈合
你就这样闯进我的心窝
Yumi：是你让我看见干枯沙漠开出花一朵
汪：是你让我想要每天为你写一首情歌
BY2：用最浪漫的副歌
汪：你也轻轻的附和
合：眼神坚定着我们的选择
Miko：是你让我的世界从那刻变成粉红色
汪：是你让我的生活从此都只要你配合
Yumi：爱要精心来雕刻
汪：我是米开朗基罗
合：用心刻画最幸福的风格
Yumi：是你让我看见干枯沙漠开出花一朵
汪：是你让我想要每天为你写一首情歌
Yumi：用最浪漫的副歌
汪：你也轻轻的附和
合：眼神坚定着我们的选择
BY2：是你让我的世界从那刻变成粉红色
汪：是你让我的生活从此都只要你配合
BY2：爱要精心来雕刻
汪：我是米开朗基罗
合：用心刻画最幸福的风格
用心刻画最幸福的风格",https://p1.music.126.net/KUUrg-bbybCdG_EwDSnNFA==/109951164176658680.jpg,https://music.163.com/song?id=165340,"多么痛好的领悟 想带着现在的记忆回到过去
",2025-07-03 12:41:18,好好对她！！！,2025-07-03 12:02:57,[多多比耶],2025-07-03 10:52:39
174944,后会无期,汪苏泷,"作词 : 汪苏泷/徐良
 作曲 : 汪苏泷/徐良
 编曲 : 汪苏泷/徐良
合：你若离去 后会无期
你若离去 后会无期
你若离去 后会无期
徐：等不到 风中你的脸颊
眼泪都美到很融洽
等不到 掩饰的雨落下
我的眼泪被你觉察
汪：等不到 你的雪月风花
我们的爱也有时差
等不到 不经意的牵挂
却没出息的放不下
徐：你说陪我到某年某月某天
却把我丢在某日某夜某街
错的并不是你 而是全世界
汪：你带走我的思念
却没说抱歉
一起走过的黑夜
变一地白雪
合：我把记忆都翻遍
却没有发现
我们约好的明天
你留给昨天
你若离去 后会无期
你若离去 后会无期
你若离去 后会无期
汪：等不到 手中松开的沙
被风扬起的很优雅
等不到 送你蝴蝶发卡
你的他爱上了短发
徐：你说陪我到某年某月某天
却把我丢在某日某夜某街
错的并不是你 而是全世界
合：你带走我的思念
却没说抱歉
一起走过的黑夜
变一地白雪
我把记忆都翻遍
却没有发现
我们约好的明天
你留给昨天
你带走我的思念
却没说抱歉
一起走过的黑夜
变一地白雪
我把记忆都翻遍
却没有发现
我们约好的明天
你留给昨天
汪：我们约好的明天
合：你留给昨天",https://p1.music.126.net/Ea88ud2UYyWtjHQqqt0gRA==/109951164006892980.jpg,https://music.163.com/song?id=174944,恭喜,2025-07-03 13:23:15,你说陪我到某年某月某天,2025-07-03 13:02:25,"恭喜
",2025-07-03 12:18:13
426852063,一笑倾城,汪苏泷,"作词 : Finale
 作曲 : 汪苏泷
 编曲 : 欧阳尹路
我总是轻描淡写告诉你我的愿望
也给你千言万语都说不尽的目光
这世界总有人在忙忙碌碌寻宝藏
却误了浮世骄阳 也错过人间万象
古城里长桥上
人如海车成行
你笑得像光芒
蓦然把我照亮
你笑得像光芒
蓦然把我照亮
风轻扬夏未央
林荫路单车响
原来所谓爱情
是这模样
就承认一笑倾城一见自难忘
说什么情深似海我却不敢当
最浪漫不过与你并肩看夕阳
我心之所向
想和你游四方赏晴雨的风光
想和你铺纸笔写余生的篇章
笑与泪都分享管情节多跌宕
我们不散场

你是我偶然听闻铭感于心的歌唱
也是我惊鸿一瞥而后拥抱的芬芳
这世界风华正茂可别辜负好时光
六月风走街穿巷 六月花陌上盛放
古城里长桥上
人如海车成行
你笑得像光芒
蓦然把我照亮
你笑得像光芒
蓦然把我照亮
风轻扬夏未央
林荫路单车响
原来所谓爱情
是这模样
就承认一笑倾城一见自难忘
说什么情深似海我却不敢当
最浪漫不过与你并肩看夕阳
我心之所向
想和你游四方赏晴雨的风光
想和你铺纸笔写余生的篇章
笑与泪都分享管情节多跌宕
我们不散场",https://p1.music.126.net/XtQbs_V1OAvtZo9tmJFAJA==/1369991503018202.jpg,https://music.163.com/song?id=426852063,过去九年了，现在怎么样了,2025-07-03 09:27:03,我的世界很简单 听歌 出门拍照 吃饭 ,2025-07-03 04:35:54,就承认一笑倾城一见自难忘,2025-07-03 03:33:28
553310138,忽而今夏,汪苏泷,"作词 : 汪苏泷
 作曲 : 汪苏泷
 编曲 : 张楚弦
 制作人 : 胡皓

还有些忘不掉的

你说那就记得吧

不放下也许是最好的放下

曾经给过的牵挂

你说还依然牵挂

只不过已不需要回答

来回争吵过多少啊

反复试探了多久啦

你说何必浪费

最宝贵的年华

有些缘分是注定的

怎么努力也没办法

小树发过芽

也未必能开花

可是你还记得吗

那年盛夏

那个傻瓜

说的傻话

陪着你回家
陪着你长大

每天都记得打电话

可是你还记得吗

那道晚霞

最后一次
送你回家

我没有讲话

因为怕眼泪落下

还有些忘不掉的

你说那就记得吧

不放下也许是最好的放下

曾经给过的牵挂

你说还依然牵挂

只不过已不需要回答

来回争吵过多少啊

反复试探了多久啦

你说何必浪费

最宝贵的年华

有些缘分是注定的

怎么努力也没办法

小树发过芽

也未必能开花

可是你还记得吗

那年盛夏

那个傻瓜

说的傻话

陪着你回家

陪着你长大
每天都记得打电话
可是你还记得吗

那道晚霞

最后一次
送你回家

我没有讲话

因为怕眼泪落下

可是你还记得吗

那年盛夏
那个傻瓜
说的傻话

陪着你回家
陪着你长大

每天都记得打电话

可是你还记得吗

那道晚霞

最后一次
送你回家
我没有讲话

因为怕眼泪落下

我没有讲话

因为怕眼泪落下

 配唱制作人 : 盒子（何文锐）
 吉他 : 张楚弦
 和声/和声编写 : 盒子（何文锐）
 录音 : 齐文涛
 混音 : 齐文涛
 音乐发行 : 北京听见时代娱乐传媒有限公司",https://p1.music.126.net/Oq2wbMND4y6jTSL5F3HmNA==/109951163293541812.jpg,https://music.163.com/song?id=553310138,祝各位天天开心,2025-07-03 11:22:59,他好像不需要我了,2025-07-03 11:19:42,时间是伤痛的铠甲,2025-07-03 06:34:00
28403111,特别的人,方大同,"作词 : 方大同
 作曲 : 方大同
 编曲 : 方大同
 制作人 : 方大同/Derrick Sepnio
爱一个人或许要慷慨
若只想要被爱
最后没有了对白
必须有你我的情真
不求计分的平等
总有幸福有心疼
生命的起伏要认可
懂一个人也许要忍耐
要经过了意外
才了解所谓的爱
今后的岁月
让我们一起了解
多少天长地久
有几回细水长流
我们是对方特别的人
奋不顾身难舍难分
不是一般人的认真
若只有一天爱一个人
让那时间每一刻在倒退
生命中有万事的可能
你就是我要遇见的特别的人
懂一个人也许要忍耐
要经过了意外
才了解所谓的爱
今后的岁月
让我们一起了解
多少天长地久
有几回细水长流
我们是对方特别的人
奋不顾身难舍难分
不是一般人的认真
若只有一天爱一个人
让那时间每一刻在倒退
生命中有万事的可能
你就是我要遇见的特别的人
有时候我们都会寂寞
有时也会失败怕被淘汰
想去找一个明白
而我曾经多次的等待未来
你何时会来
人山人海总有你的存在
有你我的爱
我们是对方特别的人
奋不顾身难舍难分
不是一般人的认真
若只有一天爱一个人
让那时间每一刻在倒退
生命中有万事的可能
你就是我要遇见的特别的人
 录制于Lightroom Studio
 编曲：方大同
 工程师：Derrick Sepnio
 混音师：Phil Tan
 混音助理工程师：Daniela Rivera
 弦乐编曲：Benjamin Wright
 由The Benjamin Wright ""String"" Orchestra演奏
 (弦乐总监Marc Cargill)
 弦乐录制：Ritesonian Studio (工程师Reggie Dozie)
 鼓和钢琴：Soulboy
 电贝斯：Ray Vaughn Covington
 额外编程：Derrick Sepnio
 数字编辑：Derrick Sepnio",https://p1.music.126.net/FtAvIYLF3qwqohQhwycVDg==/109951171386379124.jpg,https://music.163.com/song?id=28403111,大同老师 你的歌已经成为我生活的一部分了[流泪][流泪][流泪][流泪],2025-07-03 13:23:31,2025了你们俩还在不,2025-07-03 13:22:33,要听多少遍特别的人才能成为你特别的人。。。。,2025-07-03 13:22:31
25648006,麦恩莉,方大同,"作词 : C君
 作曲 : 方大同
 编曲 : 方大同
 制作人 : Charles Lee/Edward Chan/方大同
曾经受过一些伤害
曾经有些看不开
却也胆怯迎接将来
怕爱再卷来
所以我已停止爱
倒也过得挺自在
我的爱 停泊在
无风的海
有点奇怪
天使带你来
叫我期待重新振作起来
别让自己后悔
把眼泪收回
不跟谁 斗苦斗累
感谢你的出现
过去的往事就如烟
在眼前 甚么都 不欠
你是下雨时的屋檐
那份爱没时限
幸福就在我们指尖
感动得 模糊了 视线
那憧憬的 一转眼
一瞬间 就能实现
在有生之年
My only girl friend
My only girl friend
曾经有过一些时候
以为所谓的自由
是每个路口往后只有
我一个人走
曾经我以为成熟
是寂寞能够承受
收起了 孤独的
那一双手
有点奇怪
天使带你来
叫我期待重新振作起来
别让自己后悔
把眼泪收回
不跟谁 斗苦斗累
感谢你的出现
过去的往事就如烟
在眼前 甚么都 不欠
你是下雨时的屋檐
那份爱没时限
幸福就在我们指尖
感动得 模糊了 视线
那憧憬的 一转眼
一瞬间 就能实现
在有生之年
不知道该怎么说
感谢的话这么多
你就像是救了我
在广阔寂寞漩涡解脱
感谢上天杰作
管结果 是对 是错 是福 是祸
使我 对爱再没那么多疑惑
Oh it's hard to believe it
Oh it's hard to believe it
I dont believe it babe
想不想到原来是你
爱来爱去为了等你
猜不猜到因为有你
爱来爱去有了目的
感谢你的出现
过去的往事就如烟
在眼前 甚么都 不欠
你是下雨时的屋檐
那份爱没时限
幸福就在我们指尖
感动得 模糊了 视线
那憧憬的 一转眼
一瞬间 就能实现
在有生之年
My only girl friend
My only girl friend
 弦乐编曲：Edward Chan/方大同/Nick Wong
 贝斯：Chan Siu Kei
 大提琴：Tan Cong
 鼓：Lee Yat Ding
 小提琴：Leslie Ryang
 和声：方大同
 钢琴：方大同
 吉他：方大同
 弦乐工程：方大同
 打击乐：方大同
 Protools编辑：Derrick Sepnio/Edward Chan/Kelvin Au/King Kong/Tsam Chan/Nick Wong
 母带：Tom Coyne
 混音：Derrick Sepnio
 录音师：Derrick Sepnio/Edward Chan/方大同/King Kong/Randy Chow/Tsam Chan/Nick Wong",https://p1.music.126.net/8I4zvpNSsj--wGNg-mE2kw==/109951168870428045.jpg,https://music.163.com/song?id=25648006,有一种踏实 是你心中喊我名字,2025-07-03 13:21:47,hi,2025-07-03 13:19:20,"晚安
",2025-07-03 13:18:54
28387868,天气先生,方大同,"作词 : 方大同
 作曲 : 方大同
 编曲 : 方大同
Maybe we won't see the sunrise
Maybe we won't see the moon shine
Even if the whole world is just you and I
It's ok girl everything will be fine
It's ok girl
Maybe the sun won't shine
It's ok girl
Maybe the rain won't fall
It's ok girl
Maybe our love will find a way
And rise above it all
Maybe there comes a day
When all of the skies turn grey
Maybe today our love can fly high
You and I will soar
Everybody's talking bout how to stop
Everybody's talking bout where to start
Everybody's talking straight from the heart
Everybody's talking everybody's talking about it
爱你并不是巧合
万年只有你一个
遇上你的那一刻
改变了所有规则
让我描述你的美
譲我擦掉你滴泪
有我安慰你入睡
你是我最珍贵
这个世界  谁知未来
你我之间  非常的时代
我们的爱  是否会在
I just wanna tell you girl oh
Maybe the sun won't shine
Maybe the rain won't fall
But maybe our love will find a way
And rise above it all
Maybe there comes a day
When all of the skies turn grey
Maybe today our love can fly high
You and I will soar
Everybody's talking bout how to stop
Everybody's talking bout where to start
Everybody's talking straight from the heart
Everybody's talking everybody's talking about it
慢慢靠近我耳朵
在我耳边轻轻说
永远爱的人是我
说我担心的太多
让我感受你温柔
让我爱你的理由
昨日今天和今后
I'll be in love with you
这个世界  谁知未来
你我之间  非常的时代
我们的爱  是否会在
I just wanna tell you girl oh
Maybe the sun won't shine
Maybe the rain won't fall
But maybe our love will find a way
And rise above it all
Maybe there comes a day
When all of the skies turn grey
Maybe today our love can fly high
You and I will soar
一百多年  不如一面  在你身边
再多留几天  珍惜这时间
最终的起点
我会一直想起
一直一直想起
岁月留下的回忆
Maybe the sun won't shine
Maybe the rain won't fall
But maybe our love will find a way
And rise above it all
Maybe there comes a day
When all of the skies turn grey
Maybe today our love can fly high
You and I will soar
Everybody's talking bout how to stop
Everybody's talking bout where to start
Everybody's talking straight from the heart
Everybody's talking everybody's talking about it",https://p1.music.126.net/FtAvIYLF3qwqohQhwycVDg==/109951171386379124.jpg,https://music.163.com/song?id=28387868,一百多年 不如一面 在你身边,2025-07-03 12:37:54,互关互关互关互关互关互关互关互关互关互关互关互关互关互关互关互关互关互关互关互关互关互关,2025-07-03 10:50:47,爱是唯一的天气预报,2025-07-03 10:32:26
2619125556,才二十三,方大同,"作曲 : 方大同
 作词 : 方大同

时间 等不了人
生活中 一不留神
转个眼秒杀了
随秒针蒸发了

昨天变成了今天
过去变成了现在
未来刚才来
它从何而来

岁月 眨眼就过了
瞬间 就那样默默的
上一次看  才二十三
现在的日子没有那么简单

树叶  又要撒落了
花儿  就快要复活了
回想以前  没那么累
现在的白发  和皱纹匹配
也是一种美

青春  是一个梦
人生  如一阵春风
不经意的飘过
境界蓦然辽阔

昨天变成了今天
过去变成了现在
未来刚才来
它从何而来

岁月 眨眼就过了
瞬间 就那样默默的
上一次看  才二十三
现在的日子没有那么简单

树叶  又要撒落了
花儿  就快要复活了
回想以前  没那么累
现在的白发  和皱纹匹配
也是一种美

放下那 曾经  留下那 痕迹
前方的你  别忘了自己
成长是 永远  离别是 空悬
在千寻之外  我依然存在

岁月 眨眼就过了
瞬间 就那样默默的
上一次看  才二十三
现在的日子...
 制作和编曲 : 方大同
 所有乐器和编程 : Soulboy
 数字编辑 : Jeff Li
 混音 : Eric Lau
 母带处理 : Randy Merrill@Sterling Sound
 唱片公司 : 賦音乐",https://p1.music.126.net/dlsDdLopwJrE8JlWgWbaOA==/109951170031584299.jpg,https://music.163.com/song?id=2619125556,大同，很想你,2025-07-03 13:02:43,生日快乐,2025-07-03 12:46:29,"⠀
⠀⠀
⠀⠀
⠀ ⠀我希望正在讀這句話的人永遠幸福⠀
⠀
⠀
⠀",2025-07-03 12:25:58
82360,Love Song,方大同,"作词 : 方大同
 作曲 : 方大同
 编曲 : 方大同
我写了这首歌
是一首简单的
不复杂也不难唱的那一种歌
这不是 那种
只剩下那钢琴的歌
也不是 那种
不能只是朋友的歌
这不是 那种
两个人的故事写在一本小说

那小说里有谁会在花田里犯了错
这就是
一首写给你听的一个
Love Song 一直想写一首
Love Song
你给了我一首 Love Song
那DJ会播放
这也许会上榜
不过我只想写出一首
Love Song 一直想写一首
Love Song
你给了我一首 Love Song
你就像那夏天的凉风
吹过我的面孔
情翔飞 在我心底
你就是 我第一 想说爱你
我写了这首歌 是一首简单的
不复杂也不难唱的那一种歌
这不是 那种 童话里会遇见的歌
也不是 那种 真真切切爱我的歌
这不是 那种
两个人的故事写在一本小说
那小说里有谁陪她看流星在降落
这就是 一首写给你听的一个
Love Song 一直想写一首
Love Song
你给了我一首 Love Song
那DJ会播放 这也许会上榜
不过我只想写出一首
Love Song 一直想写一首
Love Song
你给了我一首 Love Song
你就像那夏天的凉风
吹过我的面孔
情翔飞 在我心底
你就是 我第一 想说爱你
如果你是一幅画
你会是最珍贵的一幅画
如果那画家是梵高的话
有何贵人前来有钱花
个个向你求嫁
梵高他说你们都该回家
又或者你是Melody就是最动听
所有的人都会跟着你齐唱
就算在夜晚 你的星太亮
让我忘了月亮代表我的 Love Song

Love Song 你给了我一首
Love Song
那DJ会播放
这也许会上榜
如果我只想写出一首

Love Song 一直想写一首
Love Song
你给了我一首 Love Song
你就像那夏天的凉风
吹过我的面孔
情翔飞在我心底
你就是 我第一",https://p1.music.126.net/8fTdTkzJUc4jEcoiV5JNtw==/109951168870789373.jpg,https://music.163.com/song?id=82360,7月3号！！！,2025-07-03 12:50:00,25年也是,2025-07-03 12:26:05,我们才二十三,2025-07-03 11:38:45
82453,爱爱爱,方大同,"作词 : 周耀辉
 作曲 : 方大同
 编曲 : 方大同
 制作人 : Charles Lee/Edward Chan/方大同
在哪里记载第一个桃花贼
谁在哪里典卖第一支紫玉钗
我在这里见怪更怪
见过电影里面人家的海
更想去看海
唱过人家的爱更想找爱
你哭起来我笑起来
都为了爱爱爱
有一天翻开辞海找不到爱
花不开树不摆还是更畅快
爱还是会期待
还是觉得孤单太失败
我爱故我在
找到爱幸福的人肯不肯躲起来
正在寂寞的人能不能站起来
我在这里陪你无奈
看过小说里面人家等待
更习惯等待
唱过人家的爱更想找爱
你喊出来我静下来
都为了爱爱爱
有一天翻开辞海找不到爱
花不开树不摆还是更畅快
爱还是会期待
还是觉得孤单太失败
我爱故我在
挥不去满天满地的尘埃
买不起满街口袋的品牌
你闷起来我傻起来可以爱
会不会整个时代只有一个告白
谁不爱过不存在
不明不白不分好歹
都为了爱爱爱
有一天翻开辞海找不到爱
花不开树不摆还是更畅快
爱还是会期待
还是觉得孤单太失败
我爱故我在",https://p1.music.126.net/2UjnKgcM1IXxYxhHEXVa4Q==/109951168870794250.jpg,https://music.163.com/song?id=82453,豪听,2025-07-03 12:43:48,😡,2025-07-03 12:23:28,我要看广告复活你[流泪],2025-07-03 10:12:39
28029104,红豆,方大同,"编曲 : 方大同
 制作人 : 方大同/Edward Chan/Charles Lee
 作曲 : 柳重言
还没好好的感受
雪花绽放的气候
我们一起颤抖
会更明白 什么是温柔
还没跟你牵着手
走过荒芜的沙丘
可能从此以后 学会珍惜
天长和地久
有时候 有时候
我会相信一切有尽头
相聚离开 都有时候
没有什么会永垂不朽
可是我 有时候
宁愿选择留恋不放手
等到风景都看透
也许你会陪我看细水长流

还没为你把红豆
熬成缠绵的伤口
然后一起分享
会更明白 相思的哀愁
还没好好的感受
醒着亲吻的温柔
可能在我左右
你才追求 孤独的自由
有时候 有时候
我会相信一切有尽头
相聚离开 都有时候
没有什么会永垂不朽
可是我 有时候
宁愿选择留恋不放手
等到风景都看透
也许你会陪我看细水长流

有时候 有时候
我会相信一切有尽头
相聚离开 都有时候
没有什么会永垂不朽
可是我 有时候
宁愿选择留恋不放手
等到风景都看透
也许你会陪我看细水长流",https://p1.music.126.net/-UEqoOLy2P4dWzH3WrBlbA==/109951167164989067.jpg,https://music.163.com/song?id=28029104,希望你早点摆脱精神控制,2025-07-03 13:03:52,[吐舌]习惯孤单,2025-07-03 12:51:49,你的隐喻我永远不懂,2025-07-03 10:55:37
28029112,三人游,方大同,"作词 : 崔惟楷
 作曲 : 方大同
 编曲 : 方大同
 制作人 : 方大同/Edward Chan/Charles Lee
有些话你选择不对他说
你说某种脆弱我才感同身受
我永远都愿意当个听众
安慰你的痛
保护着你从始至终
就算你的爱 属于他了
就算你的手 他还牵着
就算你累了 我会在这
一人留 两人疚 三人游
悄悄的 远远的 或许舍不得
默默地 静静地 或许很值得
我还在某处守候着
说不定这也是一种幸福的资格
至少我们中还有人能快乐
这样就已足够了
有些话我选择保持沉默
别把实话说破
隐藏我的寂寞
你的情绪依然把我牵动
躲在你心中 角落的心事我们懂
就算你的爱 属于他了
就算你的手 他还牵着
就算你累了 我会在这
一人留 两人疚 三人游
悄悄的 远远的 或许舍不得
默默地 静静地 或许很值得
我还在某处守候着
说不定这也是一种幸福的资格
至少我们中还有人能快乐
这样就已足够了
不知道不知道不知道
为什么为什么为什么
我的爱 我的爱 还留不住你的离开
却总在等待着你回来．
一人留 两人疚 三人游
悄悄的 远远的 或许舍不得
默默地 静静地 或许很值得
我还在某处守候着
说不定这也是一种得不到的 却美好的
至少我们中还有人能快乐
这样就已足够了
至少我们中还有人能快乐
这样就已经够了",https://p1.music.126.net/-UEqoOLy2P4dWzH3WrBlbA==/109951167164989067.jpg,https://music.163.com/song?id=28029112,就算明牌也看不到结局吗…… 也许我会一直陪在你身边直到我的心不再因想起你而颤动,2025-07-03 01:11:13,你很奇怪为什么我突然不纠缠你了，因为我的眼泪不在让你心软，我已经失去了最后的救命稻草，再难过我也得退场了,2025-07-03 01:04:26,晚安,2025-07-03 00:07:01
431855964,听,方大同,"作词 : 方大同/王力宏
 作曲 : 方大同/王力宏
听有太多话要说我说我一言难尽
也不要太啰嗦我还有一台钢琴
它让我打破沉默听来不太安静
Yeah
就算有多少烦恼缠绕
我也只要抱着吉他的小蛮腰
黑白键在闪耀再没烦恼把我难倒
听不听到
就这个旋律心不心跳
再不能言喻并不明了
现在只要音乐在萦绕
没什么大不了
我们遇见
也不管你说什么语言
没有局限歌声漫延
我用音乐来谈天
你再多听一遍
听每一个乐器跟我写出一段感情
每一个节奏替我画出一帧丹青
每一个音符帮我谱出一场幻境
让我安心
音乐突破了时间空间
它会重现最思念的一张容颜
或是让人安眠
再也不会梦见梦魇
听不听到
就这个旋律心不心跳
再不能言喻并不明了
现在只要音乐在萦绕
没什么大不了
我们遇见
也不管你说什么语言
没有局限歌声漫延
我用音乐来谈天
就只有一个理由
我屏住呼吸好几口
好好去享受这一对双手
黑白之间游走
声音在我前后左右
没有人能够左右这宇宙
听不听到
就这个旋律心不心跳
再不能言喻并不明了
现在只要音乐在萦绕
没什么大不了
我们遇见
也不管你说什么语言
没有局限歌声漫延
我用
听不听到
就这个旋律心不心跳
再不能言喻并不明了
现在只要音乐在萦绕
没什么大不了
我们遇见
也不管你说什么语言
没有局限歌声漫延
我用音乐来谈天
Sound is the medium of communication
A collage of vibrations pulsating through the air
Lost in translation relaying information
Sound is hypnotic exotic neurotic
Sound is chaotic
Aquatic robotic
Sound is perfection an audible reflection
Mirroring the moments of human inflection
A sound mind is a symbol of self awareness
To be aware of the events
And changes around one self and to react accordingly
Synchronized in unity with the cosmos
Sound is a messenger of it's origins
Sound is the language of all things
A kindly tongue is the lodestone of the hearts of men
It is the bread of the spirit
It clotheth the words with meaning
It is the fountain of the light of wisdom and understanding
Speak kind words so that you may hear them spoken in return",https://p1.music.126.net/Yld9aOtY45qhurqACh1sbg==/109951171386951903.jpg,https://music.163.com/song?id=431855964,仙品。。,2025-07-03 12:17:53,方老板连广告歌都绝不敷衍,2025-07-03 11:17:58,有没有初中生[大笑],2025-07-03 10:07:38
82486,春风吹,方大同,"制作人 : 方大同
 作词 : 周耀辉
 作曲 : 方大同
 编曲 : 方大同
吹红了桃花吹绿了柳树
你在路上总会安慰谁
吹醒了青蛙吹来了燕子
我在城里刚好缺了谁
你纵然带来地下的玫瑰
能否收回地上的滋味
有人唱胡不归
春风一吹想起谁
有所谓无所谓
只要不后悔
春风一吹忘了谁
我上一次流泪又几岁
你会退我想追
会不会对不对
也难怪我有点累
洞里蛇冬日睡
原上草春风吹
到夏天我变了谁
吹过玉门关吹过南泥湾
你在北方注定抛弃谁
吹皱了河水吹散了云堆
我在世界不巧背着谁
你可以怂恿三月的闷雷
能否保证十年的约会
有人放生乌龟
春风一吹想起谁
有所谓无所谓
只要不后悔
春风一吹忘了谁
我上一次流泪又几岁
你会退我想追
会不会对不对
也难怪我有点累
洞里蛇冬日睡
原上草春风吹
到夏天我变了谁
你可以怂恿三月的闷雷
能否保证十年的约会
有人放生乌龟
春风一吹想起谁
有所谓无所谓
只要不后悔
春风一吹忘了谁
我上一次流泪又几岁
你会退我想追
会不会对不对
也难怪我有点累
洞里蛇冬日睡
原上草春风吹
到夏天我变了谁
春风吹",https://p1.music.126.net/F0-_GPKLP8yJ6VE29DwrRA==/109951170565878273.jpg,https://music.163.com/song?id=82486,"131天了大同

",2025-07-03 12:35:48,有点暖胃了,2025-07-03 12:16:50,方大同,2025-07-03 08:50:46
32507038,演员,薛之谦,"作词 : 薛之谦
 作曲 : 薛之谦
 编曲 : 郑伟/张宝宇
 制作人 : 赵英俊

简单点
说话的方式简单点
递进的情绪请省略
你又不是个演员
别设计那些情节
没意见
我只想看看你怎么圆
你难过的太表面
像没天赋的演员
观众一眼能看见
该配合你演出的我演视而不见
在逼一个最爱你的人即兴表演
什么时候我们开始收起了底线
顺应时代的改变看那些拙劣的表演
可你曾经那么爱我干嘛演出细节
我该变成什么样子才能延缓厌倦
原来当爱放下防备后的这些那些
才是考验
没意见
你想怎样我都随便
你演技也有限
又不用说感言
分开就平淡些
该配合你演出的我演视而不见
别逼一个最爱你的人即兴表演
什么时候我们开始没有了底线
顺着别人的谎言被动就不显得可怜
可你曾经那么爱我干嘛演出细节
我该变成什么样子才能配合出演
原来当爱放下防备后的这些那些
都有个期限
其实台下的观众就我一个
其实我也看出你有点不舍
场景也习惯我们来回拉扯
还计较着什么
其实说分不开的也不见得
其实感情最怕的就是拖着
越演到重场戏越哭不出了
是否还值得
该配合你演出的我尽力在表演
像情感节目里的嘉宾任人挑选
如果还能看出我有爱你的那面
请剪掉那些情节让我看上去体面
可你曾经那么爱我干嘛演出细节
不在意的样子是我最后的表演
是因为爱你我才选择表演
这种成全

 编曲 : 郑伟/张宝宇
 制作人 : 赵英俊
 合声 : 赵英俊
 录音师 : 王晓海
 混音师 : 鲍锐
 母带工程师 : 鲍锐",https://p1.music.126.net/vu7SHbVlMuszmSuKR2SKAQ==/109951168707343730.jpg,https://music.163.com/song?id=32507038,重逢总在明天,2025-07-03 13:16:22,分别总在七月,2025-07-03 13:08:14,申请加入文案圈       文案圈的欢迎吗,2025-07-03 12:40:19
1463165983,天外来物,薛之谦,"作词 : 薛之谦
 作曲 : 罗小黑
 编曲 : 周以力
 制作人 : 周以力/郑伟
你降落的 太突然了
我刚好呢 又路过了
机会难得 又主观觉得
想明抢 又碰不得
你带来了 我的快乐
让这世界 有点颜色
我好想指责 你太随意了
宝物该有人捧着  你是不是我的
你像 天外来物一样 求之不得
你在世俗里的名字 不重要了
正好 我隐藏的人格是契而不舍
直到蜂拥而至的人都透明了
我在 不近又不远处
用明天换你 靠近我
你占领了 我的快乐
和这世界 已没有瓜葛
任事物干渴  都褪去颜色
只有你是天蓝色  我开始找你了
会像 天外来物一样 失而复得
你在世俗里的名字  被人用了
反正 我隐藏的人格是契而不舍
直到蜂拥而至的人都透明了
我在 不近又不远处
用明天换你 靠近我
你就像 天外来物一样 求之不得
我在世俗里的描写被取笑了
反正我隐藏的人格是非你不可
直到别有用心的人都透明了
我在 不近又不远处
用明天换你 靠近我
 编曲 : 周以力
 制作人 : 周以力/郑伟
 吉他 : 张淞
 大提琴 : 郎莹
 鼓 : 褚伟明
 贝斯 : 努而德柯
 人声录音 : 郑伟 夏之炜 吴身宝
 人声编辑 : 郑伟
 人声录音室 : 上海广播大厦200studio
 乐器录音棚 : soundhub studio
 混音 : 全相彦
 母带 : 全相彦",https://p1.music.126.net/MgH6SepYHboKPr6FR8yg-w==/109951167040040692.jpg,https://music.163.com/song?id=1463165983,最晚来的，还有人和我击掌✋✋,2025-07-03 12:17:19,为什么开心难过都得听这首歌。,2025-07-03 10:17:32,2025.7.3还在听,2025-07-03 09:51:20
417859631,我好像在哪见过你,薛之谦,"作词 : 薛之谦
 作曲 : 薛之谦
 编曲 : 周以力
和你有关观后无感
若是真的敢问作者何来罪恶
劝人离散有多为难
若美丽的故事来得太晚

所以到哪里都像快乐被燃起
就好像你曾在我隔壁的班级
人们把难言的爱都埋入土壤里
袖手旁观着别人尽力撇清自己

我听见了你的声音
也藏着颗不敢见的心
我躲进挑剔的人群
夜一深就找那颗星星

我以为旅人将我热情都燃尽
你却像一张情书感觉很初级
人们把晚来的爱都锁在密码里
字正腔圆的演说撇清所有关系

我听见了你的声音
也藏着颗不敢见的心
我躲进挑剔的人群
夜一深就找那颗星星
你听不到我的声音
怕脱口而出是你姓名
像确定我要遇见你
就像曾经交换过眼睛

我好像在哪见过你
我好像在哪见过你
我好像在哪见过你
我在劝我该忘了你

 制作人 : 薛之谦
 编曲 : 周以力
 吉他 : 张凇
 鼓 : 陈志昆
 大提琴 : 吴牧
 录音/混音 : 鲍锐
 录音助理 : 王晓海",https://p1.music.126.net/hti_a0LADoFMBHvOBwAtRA==/1369991500930171.jpg,https://music.163.com/song?id=417859631,你在首位,2025-07-03 13:10:55,"你会怎么翻译这句英文呢👇

“I second you ”",2025-07-03 13:02:24,要vip,2025-07-03 10:49:22
27955654,其实,薛之谦,"编曲 : 张宝宇
 制作人 : 赵英俊
 作词 : 薛之谦
 作曲 : 薛之谦
不需要借口
爱淡了就放手
我不想听
你也没说平静的交错
随便找个理由
决定了就别回头
不爱你的人
说什么都没用
分开时难过不能说
谁没谁不能好好过
那天我们走了很久没有争吵过
分开时难过不要说
如果被你一笑而过
还不如让你选择想要的生活
分开后我会笑着说
当朋友问你关于我
我都会轻描淡写仿佛没爱过
其实我根本没人说
其实我没你不能活
其实我给你的爱比你想的多
分开时难过不能说
谁没谁不能好好过
那天我们走了很久没有争吵过
分开时难过不要说
如果被你一笑而过
还不如让你选择想要的生活
分开后我会笑着说
当朋友问你关于我
我都会轻描淡写仿佛没爱过
其实我根本没人说
其实我没你不能活
其实我给你的爱比你想的多
其实我爱你比你想的多得多",https://p1.music.126.net/ywVjRpbu9KpcBQh9KJz2HA==/109951164499974026.jpg,https://music.163.com/song?id=27955654,其实我根本没人说,2025-07-03 12:28:40,“或许我们不是对的人”,2025-07-03 11:58:32,还好起来的，我和他隔阂很深，但我们和好了,2025-07-03 11:48:39
574921549,怪咖,薛之谦,"作词 : 薛之谦
 作曲 : 薛之谦
 编曲 : 郑楠
 制作人 : 郑楠
你的改变 很难制止了
我的取悦 也不是天生的
熟练了 喜怒就合并了
你的理由是星星点点的
我尽量充当气氛营造者
练就成了 无痛的角色
再听多几次分开的话
越致命越不正面回答
感情里的怪咖 有铺垫就不尴尬
所以要找个延期方法
既平静还能突然挣扎
我自愿作怪咖 就不怕被你笑话
你的铺垫 零零散散的
别去揭穿 话题制造者
我记得 你也会不舍
我偶尔取悦也会失手的
搞笑的人变成做恶的
我习惯了 无痛的货色
再听多几次分开的话
越致命越不正面回答
感情里的怪咖 有铺垫就不尴尬
所以要找个延期方法
既平静还能突然挣扎
我自愿作怪咖 就不怕被你笑话
你还有几次分开的话
新鲜感不佳词语匮乏
感情里的怪咖 可手里也没筹码
所以要找个缓冲方法
直到有天我也放得下
我不是个怪咖 是不计较的惩罚
感情里的怪咖 再难过也笑着说吧
 编曲 : 郑楠
 制作人 : 郑楠
 录音 : 汝文博
 吉他 : 郭一凡 郑楠
 和声编写 : 余昭源 和声
 弦乐编写 : 郑楠
 弦乐 : 国际首席爱乐乐团
 大提琴独奏 : 郎莹
 混音 : 赵靖
 母带 : 赵靖",https://p1.music.126.net/TOkRGd59o3hAOKsnMMmMMA==/109951163755246383.jpg,https://music.163.com/song?id=574921549,幸福,2025-07-03 13:22:08,可能这就是天意吧,2025-07-03 13:00:35,七月啦[流泪],2025-07-03 13:00:16
169185,认真的雪,薛之谦,"编曲 : 彭程
 作词 : 薛之谦
 作曲 : 薛之谦
雪下得那么深 下得那么认真

倒映出我躺在雪中的伤痕

夜深人静 那是爱情

偷偷的控制着我的心
提醒我爱你要随时待命

音乐安静 还是爱情啊

一步一步吞噬着我的心
爱上你我失去了我自己

爱得那么认真 爱得那么认真

可还是听见了你说不可能

已经十几年 没下雪的上海
突然飘雪 就在你说了分手的瞬间

雪下得那么深 下得那么认真

倒映出我躺在雪中的伤痕

我并不在乎自己究竟多伤痕累累
可我在乎今后你有谁陪

音乐安静 还是爱情啊

一步一步吞噬着我的心
爱上你我失去了我自己

爱得那么认真 爱得那么认真

可还是听见了你说不可能

已经十几年 没下雪的上海
突然飘雪 就在你说了分手的瞬间

雪下得那么深 下得那么认真

倒映出我躺在雪中的伤痕

我并不在乎自己究竟多伤痕累累

可我在乎今后你让谁陪

爱得那么深 爱得那么认真

可还是听见了你说不可能

已经十几年 没下雪的上海
突然飘雪 就在你说了分手的瞬间

雪下得那么深 下得那么认真

倒映出我躺在雪中的伤痕

我并不在乎自己究竟多伤痕累累

可我在乎今后你让谁陪

爱得那么深 比谁都认真

可最后还是只剩我一个人

漫天风雪请别再把我的眼泪擦去

毕竟那是我最爱的女人

毕竟我曾是她深爱的人",https://p1.music.126.net/fqiX7ZmISM4fHm7v4GrV2Q==/109951171269232420.jpg,https://music.163.com/song?id=169185,又快十年了,2025-07-03 12:01:50,马上2026了,2025-07-03 11:52:26,幸福,2025-07-03 10:50:06
516657051,像风一样,薛之谦,"作词 : 薛之谦
 作曲 : 薛之谦
 编曲 : 张宝宇/郑伟

我等的模样好不具象
用皮肤感受你的流向
你竟然能做到带走阳光
我一味的跟随过了量
像风一样
你靠近云都下降
你卷起千层海浪我躲也不躲往里闯
你不就像风一样
侵略时沙沙作响
再宣布恢复晴朗就好像我们两个没爱过一样
曲折的夕阳负责格挡
让委屈的感官无法释放
最近我的伤口没生长
因为我躲在没风的地方
像风一样
你靠近云都下降
你卷起千层海浪我躲也不躲往里闯
你不就像风一样
侵略时沙沙作响
再宣布恢复晴朗就好像我们两个没爱过一样
你像风一样
触摸时温柔流淌
席卷我所有抵抗不急着要我投降
你不就像风一样
掠夺时沙沙作响
可惜我自投罗网你也就没什么可骄傲的地方
和风一样
你离开不声不响
我喜欢这种收场看上去谁也不曾亏欠过对方

 制作人：薛之谦
 编曲：张宝宇 郑伟
 混音：郑伟
 合音：薛之谦
 鼓：褚伟明
 bass：宣一亨
 吉他：孙闻楠
 人声录制：莫家伟（上海广播大厦200studio）
 乐器录制：吴身宝（soundhub studio）
 母带制作：Ted Jensen",https://p1.music.126.net/fNbj5uDwltSDLbETdnEYYQ==/109951163069265719.jpg,https://music.163.com/song?id=516657051,或许你真的喜欢过我 但那段时间很短暂也很难忘,2025-07-03 13:11:43,就好像我们两个没爱过一样~[多多大哭],2025-07-03 13:10:31,喵喵喵,2025-07-03 11:12:58
27890306,意外,薛之谦,"编曲 : 杨子朴
 作词 : 杨子朴
 作曲 : 杨子朴
我在清晨的路上
谁被我遗忘
我在深夜里旅行
谁被我遗忘
肩上的破旧行囊
能收藏多少坚强
不如全身赤裸
还给我那脆弱
明知这是一场意外
你要不要来
明知这是一场重伤害
你会不会来
当疯狂慢慢从爱情离开
还有什么你值得感慨
如果风景早已都不存在
我想我谁都不爱 都不爱
我在清晨的路上
谁被我遗忘
我在深夜里旅行
谁被我遗忘
肩上的破旧行囊
能收藏多少坚强
不如全身赤裸
还给我那脆弱
明知这是一场意外
你要不要来
明知这是一场重伤害
你会不会来
当疯狂慢慢从爱情离开
还有什么你值得感慨
如果风景早已都不存在
我想我谁都不爱
明知这是一场意外
你要不要来
明知这是一场重伤害
你会不会来
当疯狂慢慢从爱情离开
还有什么你值得感慨
如果风景早已都不存在
我想我谁都不爱
谁都不爱",https://p1.music.126.net/ywVjRpbu9KpcBQh9KJz2HA==/109951164499974026.jpg,https://music.163.com/song?id=27890306,高考结束我一定要去看他的演唱会,2025-07-03 13:22:19,我以后一定要去看薛之谦演唱会,2025-07-03 13:21:55,不知道为什么我听这首歌感染力很强，无法形容内心所感，像给疲惫的身心找到个可以依靠的地方，放松下来痛快释放一下情绪，大哭一场,2025-07-03 13:19:23
27955653,你还要我怎样,薛之谦,"编曲 : 张宝宇
 作词 : 薛之谦
 作曲 : 薛之谦
你停在了这条我们熟悉的街
把你准备好的台词全念一遍
我还在逞强 说着谎
也没能力遮挡 你去的方向
至少分开的时候我落落大方

我后来都会选择绕过那条街
又多希望在另一条街能遇见
思念在逞强 不肯忘
怪我没能力跟随 你去的方向
若越爱越被动 越要落落大方

你还要我怎样 要怎样
你突然来的短信就够我悲伤
我没能力遗忘 你不用提醒我
哪怕结局就这样
我还能怎样 能怎样
最后还不是落得情人的立场
你从来不会想 我何必这样

我慢慢的回到自己的生活圈
也开始可以接触新的人选
爱你到最后 不痛不痒
留言在计较 谁爱过一场
我剩下一张 没后悔的模样

你还要我怎样 要怎样
你千万不要在我婚礼的现场
我听完你爱的歌 就上了车
爱过你很值得
我不要你怎样 没怎样
我陪你走的路你不能忘
因为那是我 最快乐的时光

后来我的生活还算理想
没为你落到孤单的下场
有一天晚上 梦一场
你白发苍苍 说带我流浪
我还是没犹豫 就随你去天堂
不管能怎样 我能陪你到天亮",https://p1.music.126.net/ywVjRpbu9KpcBQh9KJz2HA==/109951164499974026.jpg,https://music.163.com/song?id=27955653,这样对现任公平吗  有个永远的白月光  为什么要开始新的感情,2025-07-03 12:44:06,抱抱,2025-07-03 11:11:23,她对不起你,2025-07-03 09:59:43
2648841571,租购,薛之谦,"作词 : 张鹏鹏/董嘉鸿
 作曲 : 董嘉鸿

落日在喧哗
染红了窗纱
打几次卡
挤地铁漂流回家

租住的大厦
攒几年筹码
才能留下
不去想下次搬家

幸福啊没有规章
租的未必不漫长
只是 多想

能给她一个不管多久都不会变动的家
收留所有的流浪不让她觉得害怕
这间房住过多少人梦过了多少理想
故事有没有倒塌

后来她都找到了吗曾经渴望的家
那个人一定不像我自卑到责怪她
怪我吧  明明她的梦一点不大

为遮身片瓦
付春秋冬夏
若都不算家
听我说 明天去哪

幸福啊没有规章
租的未必不漫长
只是 多想

能给她一个不管多久都不会变动的家
收留所有的流浪不让她觉得害怕
这间房住过多少人梦过了多少理想
故事有没有倒塌

后来她都找到了吗曾经渴望的家
那个人一定不像我自卑到责怪她
怪我吧  明明她的梦一点不大

买来的不一定天长租的不一定就廉价
就算搬进中心大厦不及几百租下
有你在才叫一个家没有你只是空房
心事  有谁能收纳

后来我们都找到了吧曾渴望的家
也许故事不曲折总会再有一个她
可是啊  心被丢在曾租来的家
可是啊  再租不到能有她的家

 制作人 : 周以力
 编曲 : 周以力
 配唱制作 : 关皓译
 人声录音师 : 朱忠强
 人声录音棚 : SoundPro Studio (Shanghai)
 和音 : 薛之谦
 吉他 : 张凇
 贝斯 : 钟新野
 鼓 : 尹森
 鼓录音师 : 段瑞@Rain Mixing Team
 弦乐 : 国际首席爱乐乐团
 弦乐监制 : 杨婧轩
 音频编辑 : 张森浩
 弦乐录音师 : 王小四@金田录音棚
 混音/母带 : 赵靖@SBMS Beijing",https://p1.music.126.net/Lt8gKt_ibLUmXJW1YOIC8g==/109951170187391473.jpg,https://music.163.com/song?id=2648841571,你说出这话你心里不就有答案了吗？,2025-07-03 12:46:43,嘿,2025-07-03 10:04:22,虽然时间不长，但是我不会忘记,2025-07-03 09:26:07
150432,爱我还是他,陶喆,"作词 : 娃娃/陶喆
 作曲 : 陶喆
 编曲 : 吴庆隆/陶喆
 制作人 : 陶喆
 弦乐编写 : 吴庆隆

黑暗中的我们都没有说话
你只想回家 不想你回家
寂寞深得像海太让人害怕
温柔你的手 轻轻揉着我的发
你的眉眼说 你好渴望我拥抱
你身体却在拼命逃
当欲望在燃烧

你爱我还是他
是不是真的他有比我好
你为谁在挣扎
你爱我还是他
就说出你想说的真心话
你到底要跟我还是他

爱 爱 爱 他

这是不是命运对我的惩罚
爱你也没办法 恨你也没办法
陷在这个漩涡只想挣脱它
拉住你的手 却让我也被拖下
你的眉眼说 你不渴望我拥抱
每当爱变成了煎熬
你就开始要逃

你爱我还是他
是不是我可以做得更好
让你不再挣扎
你爱我还是他
我宁愿听到残忍的回答
也不要再被耍
你爱我还是他
我为你找了一百个理由
我就是那么傻
你爱我还是他
是否沉默代替你的回答
我应该明白吧

Yeah  爱我还是他 喔
你都已看不到我们的好
我还为谁牵挂
喔 你爱我还是他
是否沉默就是你的回答
我们都别挣扎
去爱他",https://p1.music.126.net/ZR6QuByWgej9-aRhZjLqHw==/109951163803188844.jpg,https://music.163.com/song?id=150432," 永远做自己我的主旋律是自由

小众的爱好不用在意大众的眼光

我自风情万种与世无争

做自己不败的战神

求爱者郁郁寡欢 无爱者逍遥自在

好女人志在四方心中若苦不声张

活着又不是为了情情爱爱

我自有千面万貌 你只见一二何谈懂我

读完万卷书再行万里路去更远的地方见更亮的光",2025-07-03 12:15:51,依然逃避,2025-07-03 11:37:26,说好的幸福呢，为什么。,2025-07-03 11:34:18
150623,普通朋友,陶喆,"作词 : 陶喆/娃娃
 作曲 : 陶喆
 编曲 : 陶喆
 制作人 : 陶喆

等待
我随时随地在等待
做你感情上的依赖
我没有任何的疑问
这是爱
我猜
你早就想要说明白
我觉得自己好失败
从天堂掉落到深渊
多无奈
我愿意改变 (what can I do)
重新再来一遍(just give me a chance)
我无法只是普通朋友
感情已那么深
叫我怎么能放手
但你说 I
I only wanna be your friend
做个朋友
我在
你心中只是just a friend
不是情人
我感激你对我这样的坦白
但我给你的爱暂时收不回来
So I
我不能只是be your friend
I just can't be your friend
我猜
你早就想要说明白
我觉得自己好失败
从天堂掉落到深渊
多无奈
我愿意改变 (what can I do?)
重新再来一遍(just give me a chance)
我无法只是普通朋友
感情已那么深
叫我怎么能放手
但你说 I
I only wanna be your friend
做个朋友
我在
你心中只是just a friend
不是情人
我感激你对我这样的坦白
但我给你的爱暂时收不回来
So I
我不能只是be your friend
I just can't be your friend
no,no,no,
不能只是做你的朋友
不能做普通朋友
 母带后期处理录音室 : A&M Mastering Studios
 录音师 : Craig Burbidge/陶喆
 贝斯 : Reggie Hamilton
 混音师 : Craig Burbidge
 演奏 : 陶喆
 混音室 : Encore Studios/ EMI Studios, Santa Monica
 剪辑录音室 : 异术录音室
 母带后期处理工程师 : Stephen Marcussen/Maggie Chen
 吉他 : 陶喆 (Steel)/ Annas Allaf (Nylon Strings)
 Programmed : 陶喆
 录音室 : Jojo Eyeball Studios/Backroom Studios
 和声 : 陶喆",https://p1.music.126.net/tMQXBMTy8pGjGggX1j0YNQ==/109951169389595068.jpg,https://music.163.com/song?id=150623,你好像她,2025-07-03 13:06:04,侄女太狠了[可爱],2025-07-03 13:03:41,mo姐天天开心,2025-07-03 11:59:24
150633,天天,陶喆,"作词 : 娃娃
 作曲 : 陶喆
 编曲 : 陶喆
 制作人 : 陶喆
太阳天或下雨天
人挤人的咖啡店
找一个能想你舒服的角落
看着情人肩靠肩
慢慢转开我视线 yeh yeh
有个女孩让我好想念
我的心
已经
飞到这个城市的另一边
想看着你
我爱的脸
把心里的感情都对你说
那马路上天天都在塞
而每个人天天在忍耐
没有你日子很黑白
原来这样就是恋爱
我想要你在我身边
分享生命中的一切
我想要天天说
天天说
天天对你说我有多爱你
太阳天或下雨天
人挤人的咖啡店
找一个能想你舒服的角落
看着情人肩靠肩
慢慢转开我视线 yeh yeh
有个女孩让我好想念
我的心
已经
飞到这个城市的另一边
想看着你
我爱的脸
把心里的感情都对你说
那马路上天天都在塞
而每个人天天在忍耐
没有你日子很黑白
原来这样就是恋爱
我想要你在我身边
分享生命中的一切
我想要天天说
天天说
天天对你说我有多爱你
那马路上天天都在塞
而每个人天天在忍耐
没有你日子很黑白
原来这样就是恋爱
我想要你在我身边
分享生命中的一切
我想要天天说
天天说
天天对你说我有多爱你
天天说爱你
 母带后期处理录音室 : A&M Mastering Studios
 录音师 : Craig Burbidge/陶喆
 混音师 : Craig Burbidge
 演奏 : 陶喆
 剪辑录音室 : 异术录音室
 母带后期处理工程师 : Stephen Marcussen/Maggie Chen
 混音室 : Encore Studios/ EMI Studios, Santa Monica
 Programmed : 陶喆
 和声 : 陶喆
 录音室 : Jojo Eyeball Studios/Backroom Studios",https://p1.music.126.net/tMQXBMTy8pGjGggX1j0YNQ==/109951169389595068.jpg,https://music.163.com/song?id=150633,哇塞 你25年生日快到了哦[呆],2025-07-03 13:01:20,互关有嘛，你关我看见就回~一天以后如果没回，可以取的,2025-07-03 12:08:36,遇见你 就像小猫᳐ ੭的世界下了小鱼雨ಣ,2025-07-03 09:36:20
150560,讨厌红楼梦,陶喆,"作词 : 陶喆/娃娃
 作曲 : 陶喆
 编曲 : 陶喆
 制作人 : 陶喆
你说你被爱情伤太多
我也懂你说的那种难过
欢迎加入失恋共和国
钩心斗角为男人而活
一颗心在他身上挂着
他们又回报了你什么
你说你讨厌红楼梦里女生的柔弱
坚强又会被说成冷漠
我说妹妹你别再给自己折磨
想太多其实爱可以又简单又轻松
ㄅ ㄆ ㄇ ㄈ ㄉ ㄊ ㄋ ㄌ
come on let's fall in love 就这么简单
woo... 一 二 三 四 five six seven eight
爱没有什么不对 快进我棉被
你说你把爱情看透了
就当作是人生的功课
宁愿享受一个人寂寞
就一起在沙发上赖着
我们决定对爱放把火
推翻爱情无聊的规则
你说你讨厌红楼梦里女生一百多
得到幸福的却没几个
我说妹妹你别再给自己折磨
想太多 其实爱可以又简单又轻松
ㄅ ㄆ ㄇ ㄈ ㄉ ㄊ ㄋ ㄌ
come on let's fall in love 就这么简单
woo... 一 二 三 四 five six seven eight
爱没有什么不对 快进我棉被
c'mon baby let's fall in love ok
你不要在一直去想我们配不配
我不会搞的你痛
只会搞的你叫
大不了明天早上起床你会有一点累
c'mon 浪费 这眼泪 还能怪谁
别再像宝玉黛玉的结局那么可悲
不用去后悔
怕犯规 这友谊赛没不对
只要你 会愿意 去跟我钻进棉被
come on let's fall in love 就这么简单
woo... 一 二 三 四 five six seven eight
爱没有什么不对 快进我棉被
ㄅ ㄆ ㄇ ㄈ ㄉ ㄊ ㄋ ㄌ
come on let's fall in love 就这么简单
woo... 一 二 三 四 five six seven eight
爱没有什么不对 快进我棉被
come on let's fall in love 就这么简单
woo... 一 二 三 四 five six seven eight
 母带后期处理录音室 : A&M Mastering Studios
 录音师 : Craig Burbidge/陶喆
 混音师 : Craig Burbidge/陶喆
 混音室 : The House Of Shock, Pasadena, CA/Cherokee Studios
 母带后期处理工程师 : Dave Collins
 Programmed : 陶喆
 和声 : 陶喆
 录音室 : The House Of Shock, Pasadena, CA/Cherokee Studios",https://p1.music.126.net/FLIHPqpkfUBimQZB370agQ==/109951169237251638.jpg,https://music.163.com/song?id=150560,阴角,2025-07-03 13:00:27,笑得我,2025-07-03 12:59:41,打卡，小何早日去淄博发展吧,2025-07-02 23:21:52
150430,就是爱你,陶喆,"作词 : 娃娃
 作曲 : 陶喆
 编曲 : 陶喆
 制作人 : 陶喆

我 一直都想对你说
你给我想不到的快乐
像绿洲给了沙漠
说 你会永远陪着我
做我的根 我翅膀
让我飞 也有回去的窝
我愿意 我也可以
付出一切 也不会可惜
就在一起 看时间流逝
要记得我们相爱的方式

就是爱你爱着你
有悲有喜
有你 平淡也有了意义
就是爱你爱着你
甜蜜又安心
那种感觉就是你

我 一直都想对你说
你给我想不到的快乐
像绿洲给了沙漠
说 你会永远陪着我
做我的根 我翅膀
让我飞 也有回去的窝
我愿意 真的愿意
付出所有 也要保护你
在一起 时间继续流逝
请记得我有多么的爱你

就是爱你爱着你
不弃不离
不在意 一路有多少风雨
就是爱你爱着你
放在你手心
灿烂的幸福全给你
就是爱你爱着你
不弃不离
不在意 一路有多少风雨
就是爱你爱着你
放在你手心（放在你手心）
灿烂的幸福全给你
就是爱你爱着你
我都愿意
就是爱你爱着你
要我们在一起（要我们在一起）
就是爱你爱着你（爱着你）
我都愿意（我都愿意）
就是爱你爱着你
要我们在一起（要我们在一起）
就是爱你爱着你
我都愿意
就是爱你爱着你（我们在一起）
要我们在一起",https://p1.music.126.net/ZR6QuByWgej9-aRhZjLqHw==/109951163803188844.jpg,https://music.163.com/song?id=150430,"就是爱你爱着你~
",2025-07-03 13:06:06,要幸福呀宝宝都是上海的诶,2025-07-03 10:42:31,哪里急了？说个事实而已[大哭]破防的另有其人吧,2025-07-03 10:41:40
150561,蝴蝶,陶喆,"作词 : 陶喆/娃娃
 作曲 : Brad Olynyk/陶喆
 编曲 : 陶喆
 制作人 : 陶喆
当这世界已经准备将我遗弃
像一个伤兵被留在孤独荒野里
开始怀疑我存在有没有意义
在别人眼里我似乎变成了隐形
难道失败就永远翻不了身
谁来挽救坠落的灵魂
每次一见到你 心里好平静
就像一只蝴蝶飞过废墟
我又能活下去 我又找回勇气
你的爱像氧气帮忙我呼吸
我又能呼吸 我又能呼吸
你就是不愿意放弃
生命中充满乱七八糟的问题
像走在没有出口的那个迷宫里
oh no 一次又一次只会用借口逃避
怎么你从来没对我彻底的死心
我有何德何能值得你珍惜
为何你对我有求必应
每次一想到你 像雨过天晴
看见一只蝴蝶飞过废墟
是那么的美丽 就像一个奇迹
让我从倒下的地方站起
Woo....只要一靠近你
就觉得安心
你看着我的眼没有怀疑
你对我的相信
让我又能重生
不管世界多冷我还有你
我有你
爱我这样的人对你来说不容易
我的痛苦你也经历
你是唯一 陪我到天堂与地狱
每次一想到你
像雨过天晴 看见一只蝴蝶飞过了废墟
我能撑得下去 我会忘了过去
是你让我找回新的生命
yeah.. 每次一见到你 就心存感激
现在我能坦然面对自己
我会永远珍惜 我会永远爱你
在我心底的你位置没有人能代替
yeah 你就是那唯一
 电吉他 : Bruce Watson
 母带后期处理录音室 : A&M Mastering Studios
 录音师 : Craig Burbidge/陶喆
 贝斯 : Lance Morrison
 鼓 : Abe Laboriel Jr.
 混音师 : Craig Burbidge/陶喆
 混音室 : The House Of Shock, Pasadena, CA/Cherokee Studios
 母带后期处理工程师 : Dave Collins
 Programmed : 陶喆
 和声 : 陶喆/朱敬然
 录音室 : The House Of Shock, Pasadena, CA/Cherokee Studios",https://p1.music.126.net/FLIHPqpkfUBimQZB370agQ==/109951169237251638.jpg,https://music.163.com/song?id=150561,蝴蝶,2025-07-03 10:24:14,已经成功了啦,2025-07-03 09:39:12,上了啊哈哈哈哈,2025-07-03 09:39:02
150617,找自己,陶喆,"作词 : 陶喆
 作曲 : 陶喆
 编曲 : 陶喆
 制作人 : 陶喆/王治平/Joshua Lee
昨天晚上做了个梦
我走进撒哈拉沙漠
空无一人站在太阳下

摄氏六十六点六度
快要焚化我的眼珠
忽然一场大雨降下来

汗水被那雨水冲走
结束四十天的折磨
荒漠已然变成了绿洲

彩虹下有一棵大树
大树上有一个苹果
咬下一口 我就全明白

可不可以让我再 让我
再一次回到那个美丽世界里
找自己 找自己

哗啦啦啦啦 天在下雨
哗啦啦啦啦 云在哭泣
哗啦啦啦啦 滴入我的心

不用说我只会胡思乱想
不用跟我说我只会妄想
哗啦啦啦啦 让我去淋雨

我只希望能够再 能够
再一次回到那个美丽时光里

找自己

挤在公车像个沙丁鱼
上班下班每天是规律
这么多的人到哪里去

每个面孔写着无奈
爸爸妈妈彼此没有爱
难道这就是生命的真理
可不可以让我再 让我
再一次回到那个美丽世界里
去逃避 去逃避

哗啦啦啦啦 天在下雨
哗啦啦啦啦 云在哭泣
哗啦啦啦啦 滴入我的心

不用说我只会胡思乱想
不用跟我说我只会妄想
哗啦啦啦啦 让我去淋雨

我只希望能够再 能够
再一次回到那个美丽时光里
找自己

躲在我的屋檐下面
睡在我的被单里面
听着细雨 滴滴答答
滴滴答答 滴滴答答
哗啦啦啦啦 天在下雨
哗啦啦啦啦 云在哭泣
哗啦啦啦啦 滴入我的心

不用说我只会胡思乱想
不用跟我说我只会妄想
哗啦啦啦啦 让我去淋雨

我只希望能够再 能够
再一次回到那个美丽时光里
找回自己
哗啦啦啦啦 天在下雨
哗啦啦啦啦 云在哭泣
哗啦啦啦啦 滴入我的心

不用说我只会胡思乱想
不用跟我说我只会妄想
哗啦啦啦啦 让我去淋雨

我只希望能够再 能够
再一次回到那个美丽时光里

Da La La Do

不用说我只会胡思乱想
不用跟我说我只会妄想
哗啦啦啦啦 让我去淋雨
我只希望能够再 能够
再一次回到那个美丽时光里
哗啦啦啦啦 天在下雨
哗啦啦啦啦 云在哭泣
哗啦啦啦啦 滴入我的心
滴入我的心
不用说我只会胡思乱想
不用跟我说我只会妄想
哗啦啦啦啦 让我去淋雨

我只希望能够再 能够
再一次
 母带后期处理录音室 : A&M Mastering Studios
 录音师 : Craig Burbidge/陶喆
 混音师 : Craig Burbidge/Mauricio Iragorri
 演奏 : 陶喆
 混音室 : Encore Studios/ EMI Studios, Santa Monica
 吉他 : Bruce Watson
 剪辑录音室 : 异术录音室
 母带后期处理工程师 : Stephen Marcussen/Maggie Chen
 Programmed : 陶喆
 和声 : 陶喆
 录音室 : Jojo Eyeball Studios/Backroom Studios",https://p1.music.126.net/tMQXBMTy8pGjGggX1j0YNQ==/109951169389595068.jpg,https://music.163.com/song?id=150617,回来听,2025-07-03 12:40:28,从五哈过来了,2025-07-03 11:54:25,鼓点吉他随人声一起升华,2025-07-03 11:46:00
150619,小镇姑娘,陶喆,"作词 : 陶喆
 作曲 : 陶喆
 编曲 : 陶喆
 制作人 : 陶喆/王治平/Joshua Lee
还记得多年前跟你手牵手
你都害羞的不敢抬头
只会傻傻的看着天上的星星
你就是那么的纯净
知道你收到上榜的通知单
我的心里就变得很乱
不知为你而高兴还为自己忧愁
只好就放你走
不明白
不明白
为什么我不能放得开
舍不得
这个爱
你是一生一世不会了解
我明白
我明白
在我心中你永远存在
或许你会有一天怀念
可是我已不在
还记得一开始你不能适应
那个忙乱又吵的环境
一个小镇的姑娘到了大城市
你一定听过这故事
当你最寂寞的时刻我陪伴你
给你我的安慰和鼓励
自己矛盾的私心让我每天忧愁
只好就让你走
不明白
不明白
为什么我不能放得开
舍不得
这个爱
你是一生一世不会了解
我明白
我明白
在我心中你永远存在
或许你会有一天怀念
可是我已不在
还记得一年前站在火车站
看着自己的悲剧演完
透过玻璃窗看见你的泪满面
那车头依然吐着烟
听说现在的你成了大经理
前途好比闪亮的星星
我只希望这所有能够让你欢喜
我才能放心走
不明白
不明白
为什么我不能放得开
舍不得
这个爱
你是一生一世不会了解
我明白
我明白
在我心中你永远存在
或许你会有一天怀念
可是我已不在
或许你会有一天怀念
可是我已不在
或许你会有一天怀念
可是我已
我已不在
 和声 : 陶喆
 吉他 : Bruce Watson
 贝斯 : Reggie Hamilton
 录音室 : Jojo Eyeball Studios/Backroom Studios
 混音室 : Encore Studios/ EMI Studios, Santa Monica
 录音师 : Craig Burbidge/陶喆
 混音师 : Craig Burbidge/Mauricio Iragorri
 演奏 : 陶喆
 母带后期处理录音室 : A&M Mastering Studios
 母带后期处理工程师 : Stephen Marcussen/Maggie Chen
 Programmed : 陶喆
 剪辑录音室 : 异术录音室",https://p1.music.126.net/tMQXBMTy8pGjGggX1j0YNQ==/109951169389595068.jpg,https://music.163.com/song?id=150619,你从小到大都没听过火车的汽笛声吗？,2025-07-03 09:12:14,好听,2025-07-03 02:53:14,"听说现在的你↗成了大↘锦↗鲤↘，
前途好↘比闪亮的星↗星↘。",2025-07-02 22:23:20
150565,二十二,陶喆,"作词 : 陶喆/娃娃
 作曲 : 陶喆
 编曲 : 陶喆
 制作人 : 陶喆
春天是她最爱的季节
当微风随意吹乱她的头发
她并不在意身边世界的吵杂
只想着自己生命中的变化
还有十五分钟才午休
从早到晚没有想像中那么好过
安定的日子不一定就是幸福
忘不掉她在心里做过的梦
她今年农历三月六号刚满二十二
刚甩开课本要离开家看看这世界
却发现许多烦恼要面对
oh yeah
她常会向往能回到那年她一十二
只需要好好上学生活单纯没忧愁
她就像一朵蓓蕾满怀希望
秋天是忽然间就来临
青春虽然有本钱可以洒脱
一场恋爱二十二个月后结束
才知道有些感情不值得赌
九月天气还是有点热
她想公车再不来就走一走路
她开始明白等待未必有结果
一个人也能走上梦的旅途
她今年农历三月六号刚满二十二
刚甩开课本要离开家看看这世界
却发现许多烦恼要面对
oh yeah
她常会向往能回到那年她一十二
只需要好好上学生活单纯没忧愁
她一直满怀希望
人生偶尔会走上一条陌路
像是没有指标的地图
别让她们说你该知足
只有你知道什么是你的幸福
她常会向往能回到那年她一十二
只需要好好上学生活单纯没忧愁
她笑著想过未来
oh 她应该得到幸福
如此的简单的梦
有没有实现
 母带后期处理录音室 : A&M Mastering Studios
 录音师 : Craig Burbidge/陶喆
 混音师 : Craig Burbidge/陶喆
 吉他Solo : 黄文舒
 混音室 : The House Of Shock, Pasadena, CA/Cherokee Studios
 母带后期处理工程师 : Dave Collins
 木吉他 : Dean Parks
 Programmed : 陶喆
 和声 : 陶喆
 录音室 : The House Of Shock, Pasadena, CA/Cherokee Studios",https://p1.music.126.net/FLIHPqpkfUBimQZB370agQ==/109951169237251638.jpg,https://music.163.com/song?id=150565,生日快乐！,2025-07-03 12:55:30,啊哈 刚在王力宏某首歌看到你,2025-07-03 11:21:52,今年也二十二了……祝愿能看场陶喆演唱会,2025-07-03 10:03:23
150667,流沙,陶喆,"作词 : 娃娃
 作曲 : 陶喆
 编曲 : 陶喆
 制作人 : 陶喆/王治平
昨天晚上的事

我看 没有什么好谈的吧
我看就这样吧
Oh Yeah Oh

并不是真的 路过而已

也不是真的 不会想你
全都不是真的 是骗自己
其实还爱你 爱着你
我以为我早想清楚
不由自主 恍恍惚惚 又走回头路
再看一眼有过的幸福
爱情好像流沙

我不挣扎
随它去吧 我不害怕
爱情好像流沙
心里的牵挂 不愿放下
Oh baby 让我这样吧
Oh~My mind

并不是真的 路过而已

也不是真的 不会想你
全都不是真的 是骗自己
其实还爱你 爱着你
我以为我早想清楚
不由自主 恍恍惚惚 又走回头路
再看一眼有过的幸福
爱情好像流沙

我不说话
等待黑暗 泪能落下
爱情好像流沙
明知该躲它 无法自拔
Oh baby 是我太傻
yeye 我还是会常常想你

No no no no no no

是一再的做一再的错 不由我
我一步一步一步一步 慢慢走向流沙
爱情好像流沙

我不挣扎 随它去吧
我不害怕
爱情好像流沙
心里的牵挂 不愿放下
Oh baby 让我这样吧
Oh~My mind

让我这样吧

 母带后期处理录音室 : Oasis Mastering
 录音师 : 王治平/Manny Marroquin
 混音师 : Craig Burbidge/Claudius Kumar
 演奏 : 陶喆
 母带后期处理工程师 : Eddy Schreyer
 混音室 : Encore Studios/Larrabee Sound Studios/The Enterprise
 录音室 : Jojo Eyeball Studios/Record Plant, Los Angeles
 和声 : 陶喆",https://p1.music.126.net/vcyUJw7mfEzzMCgbJry31w==/109951169507121139.jpg,https://music.163.com/song?id=150667,重隔20多年再听这歌，还是能跟着唱出来……,2025-07-03 13:21:59,流顺沙,2025-07-03 11:18:40,[多多耍酷],2025-07-03 10:47:06
2163210456,两 难,加木,"作词 : 加木
 作曲 : 加木
 混音母带 : 谭玉堂
 编曲 : WEI/Mestie@鸣声在野/青莓文化
你到底在为谁等待
无人内心潮澎湃
期不期待会慢慢慢来
慢慢错付一切了断
你到底在为谁等待
无人内心潮澎湃
期不期待会慢慢慢来
慢慢错付一切了断
我算同龄人里不算勇敢甚至最胆小的
害怕爱会夺走我的命
我隐藏我的目光与冲动心脏彭彭跳动的声音我不听信因此选择逃避
偶尔也会害怕会失去
偶尔也会害怕被觊觎
偶尔也会发莫名而来的脾气
憎恶感的源头明明是自己
我明明什么都知道有一万个字在嘴边
欲言又止心不在焉不知亏欠
犹豫了一辈子的承诺也无法兑现
荒诞无稽的回忆慢慢碎成碎片
漆黑的夜由火点亮
喜悲的乐由我演唱
我不甘心带进坟墓的爱留在遗言
时光倒流来不及最后问自己一遍
你到底在为谁等待
无人内心潮澎湃
期不期待会慢慢慢来
慢慢错付一切了断
你到底在为谁等待
无人内心潮澎湃
期不期待会慢慢慢来
慢慢错付一切了断
惩罚我承受我所不能承受的重量
我不关心的回应也变成无关的痛痒
不深不浅的步伐从未如此沉重过
我不在意毫无保留无所谓疼痛过
留下一句告别告诉我自己他们不在回忆里面别在自己骗自己
所有想象的强加的深不见的底
根本不值得来同情
彻彻底底
想走还是想留
向左还是向右
借口编理由
再次疑问着祈求
你到底在为谁等待
无人内心潮澎湃
期不期待会慢慢慢来
慢慢错付一切了断
你到底在为谁等待
无人内心潮澎湃
期不期待会慢慢慢来
慢慢错付一切了断
 出品 : 网易电波×网易云上
 监制 : 沈子恂/史明喆/王政典
 营销推广：林焓
 总营销：施沛洋/欧阳慧琳
 出品人 : Dylan刘勇/黄俊",https://p1.music.126.net/Qvenb5t_hL37b7hRfscjaw==/109951169686160429.jpg,https://music.163.com/song?id=2163210456,接,2025-07-03 13:23:36,好听,2025-07-03 13:23:30,那不能因为放不下一个出轨了的骗子就不活了怎么怎么样的，生活还是要继续的嘛,2025-07-03 13:23:13
2074440239,主 动,加木,"作词 : 加木
 作曲 : 加木
终于全部拥有她的爱
才明白
香味在弥漫
房屋外
心跳太快
抱忽远忽近的安全感
我都在
从内到外到心到大脑到彼此间的距离
和冷淡Say goodbye bye
终于全部拥有她的爱
才明白
香味在弥漫
房屋外
心跳太快
抱忽远忽近的安全感
我都在
从内到外到心到大脑到彼此间的距离
和冷淡Say goodbye bye
答应你把话说开
不用考虑谁惹谁直接拉住
你的手
放不下的心 悬在半空中 落地升了温的抱歉别急着走
这次就算我主动 解释与情绪由我主动带走
原谅我就十指相扣 换体温 换我来主动开口
点燃我像篝火
只言片语用嘴唇来搜索
该做的我都做
不该强迫计算一切后果
这次我确定 这条路往斜里走
带上我决定要链接脉搏牵你手
又剩几个夜未眠那么空的位置留给我来填空白
不敢去相信心相印从零开始重启重新重来
抱怨我们进度跑的太快 理智不多分成了一块块
够不够用时间讨论情情爱爱
只能到齿为止say hi say goodbye
终于全部拥有她的爱
才明白
香味在弥漫
房屋外
心跳太快
抱忽远忽近的安全感
我都在
从内到外到心到大脑到彼此间的距离
和冷淡Say goodbye bye
终于全部拥有她的爱
才明白
香味在弥漫
房屋外
心跳太快
抱忽远忽近的安全感
我都在
从内到外到心到大脑到彼此间的距离
和冷淡Say goodbye bye
万不该 紧紧相拥 离不开 每次面对面 霸占呼吸的 夜 晚
开不开的门 到底该不该在你脖子上感受温热的 血 管
像是德古拉
用力的亲吻也爱的刻骨铭心
但是不用在意不会伤害不用去怕所有痛我来倾听
心情澎湃吹散飘的花
离不开了她
烛光摇曳高脚杯
再等我主动开口
再拒绝我的悲伤来的快
就烫伤我的理智火在燃
还欠你一万个债都有我来还
别冲动换主动剪断理还乱
彼此成为彼此披的外套
抱怨彼此抱怨梦做的太少
共同的梦想或许梦的太早
我不觉得累爱你是我兴趣爱好
小鱼在我脑袋里转
心里的水换了换
该不该带的我都带
Say hi Say goodbye
氵
氵
氵
氵
 混音 : 加木
 出品 : 网易电波
 监制 : 沈子恂LilStammer
 出品人 : Dylan刘勇
 宣发营销 : 沈子恂LilStammer",https://p1.music.126.net/clvqBN-ADToGJ7RXjUFGiA==/109951168850232966.jpg,https://music.163.com/song?id=2074440239,有一种若即若离的感觉,2025-07-03 12:25:54,时间久就可以,2025-07-03 11:26:09,胆小鬼 这次换我主动,2025-07-03 09:30:50
2093236174,梗 概,加木,"作词 : 加木
 作曲 : 加木
 编曲 : HYPER MUSIC
这只是我的泪痕 哭干我的眼
讲没必要的修辞手法堵住我的嘴
恳求于落叶归根 枝拼命的剪
妄想一切变简单 谎言 每句我都会
这只是我的泪痕 哭干我的眼
讲没必要的修辞手法堵住我的嘴
恳求于落叶归根 枝拼命的剪
妄想一切变简单 谎言 每句我都会
开始的不明又不白 心脏又跳动漏一拍
想象中不太适合 别再去 拼了命不想离开
该走的还是要走
没必要舍不得挽留
记不记得总是配合你的演出台词记不住的病
随机应变无效果的交流
用刺伤我的话语 劝疼痛慢慢来
想不通到底为何
忘不掉猜 不规则
暂停无声的插曲 唱心门打不开
还不信任会自责
忍不住迁就配合
根本无法拒绝改变 却又改不掉的冒失
告知我这一切变得太晚来不及
她离开缺想假装拥抱迫不及待
能不能再挽住她的思绪我不期待
我用左手握右手和记忆言和
喜欢距离能更近一点没间隔
数不清有多少次改变了原则
向左或是右 不公平的选择
用刺伤我的话语 劝疼痛慢慢来
想不通到底为何
忘不掉猜 不规则
暂停无声的插曲 唱心门打不开
还不信任会自责
忍不住迁就配合

这只是我的泪痕 哭干我的眼
讲没必要的修辞手法堵住我的嘴
恳求于落叶归根 枝拼命的剪
妄想一切变简单 谎言 每句我都会
这只是我的泪痕 哭干我的眼
讲没必要的修辞手法堵住我的嘴
恳求于落叶归根 枝拼命的剪
妄想一切变简单 谎言 每句我都会
 混音：何世渝/加木
 母带工程师：何世渝
 封面：加木/Sisssya_",https://p1.music.126.net/vp4YSmAmAIfQUopzMT75wg==/109951169038495793.jpg,https://music.163.com/song?id=2093236174,但江辰…其实不认识,2025-07-03 12:35:57,真的都喜欢,2025-07-03 12:35:22,"“她缺点多吗?”

“多，像星星一样多。”

“那优点呢?”

“像太阳一样少。”

“那你为什么喜欢她?”

“因为太阳一出来星星就都不见了。”",2025-07-03 10:58:04
2611310291,狡兔死 走狗烹,加木,"作词 : 加木
 作曲 : 加木
 编曲 : VainlyBoiAslayërr
 混音母带 : 裴济逸
轻舟渡离万重山久别重逢约定等风雨呼唤来
心中悟义胆忠肝留恋红尘天命人曲终无缅怀
忧愁优柔寡断悔断肠登雪山入观台
权欲为何流连忘返亲人掩埋
悬崖碑石边的海棠花低下头颅断掉了仅剩的花骨朵
来来往往车水马龙人撞人和我印象里的差不多
市井里的看客来往日月如梭
如同太阳般照常升起来
填不满多余的幻想葬在乱岗山
双眼仿佛进了沙
还自言自语谈知己知彼
何人推杯换盏贪心贪天地荣辱自取又失去
怪我看不透别算上我的忧愁天不由我定身世浮沉雨打萍
揣摩人世间的是非是对如今难道还不够吗心甘情愿续假情
再再加剧我的病情我的情感依托
无处流放借身体
海棠留不住也不再依旧忘我至亲骨肉皆分离
良弓向烈阳射落金乌与衷心耿耿于怀
犬狼入肚骨骸入土人心沉沦于海
我们曾一起爬进云里雾里走走又停停
我们曾躺在半山腰间数钱数梦数星星
我们也挽留过我的良知我的痛彼此却愿意倾听
我不相信风会吹动时间线让恨飘到河对面
我也不想我无动于衷握住了权利却被要求放它走
我不能愧对期待与现实留在犹豫的分岔口
我不留毫无用处的三把火
悔与恨与爱
焚烧尽我的仕途不再回头哪怕错杀了旧的我
愿你如海棠花还剩下相思勿别离
愿你如海棠花还剩下相思勿别离
愿你如海棠花还剩下相思勿别离
愿你如海棠花还剩下相思勿别离
轻舟渡离万重山久别重逢约定等风雨呼唤来
心中悟义胆忠肝留恋红尘天命人曲终无缅怀
忧愁优柔寡断悔断肠登雪山入观台
权欲为何流连忘返亲人掩埋
 出品 : 网易电波
 监制 : 沈子恂LilStammer
 营销 : 欧阳慧琳
 出品人 : Dylan刘勇
 视觉设计 : 罗逸团队",https://p1.music.126.net/Oj0cQs1T0Nm9Pgqx0t8Geg==/109951169892332661.jpg,https://music.163.com/song?id=2611310291,加木你无意间说过，做想做的中国风专辑数据不尽如人意，但是随着时间推移，好的歌曲最终会像泥沙里的黄金，闪耀在大家眼前，狡兔死走狗烹就是小小的例子，加木加油做自己！,2025-07-03 12:10:50,十桶女麻了。。[多多捂脸],2025-07-03 10:15:38,"愿你如海棠花 剩下相思无别离
幸福幸福 请降落在他手心",2025-07-03 09:43:37
2047623646,鱼,加木,"作词 : 加木
 作曲 : 加木
 混音 : 加木
问一百次谁比较更爱你
拜托别相互猜疑
我装傻你懒得搭理
还假装高高挂起
是我心里种的一束花
是我梦里画的一幅画
是我颠倒日夜思念成沙落满地
算信笔涂鸦
是我自以为是还不够
是我抢夺来的带不走
消失殆尽耐心别挽留
记忆开始模糊别念旧
我甚至开始记不清了我们第一次的印象有多深刻
黑与白相衬的斑斓一切都是真的
丢了魂 毫不遮掩盯着你的发色
心跳与冲动成正比烫到无法分割
却变幻莫测
水深又火热
获得重新认识自己的机会
敬一杯一杯 就剩下疲惫
我开始享受每次想象中的相遇
到处理每段时光再到面面相觑
谁能够想到句号画的如此突然像没了水的鱼只拥有的七秒钟的记忆
没命的鱼儿 游向哪儿
流淌在耳边
问一百次谁比较更爱你
拜托别相互猜疑
我装傻你懒得搭理
还假装高高挂起
 出品：网易电波
 监制：沈子恂
 营销：欧阳慧琳/沈子恂
 出品人：Dylan刘勇",https://p1.music.126.net/SMuFemhbpKRI5VIiNNp_WQ==/109951168614915766.jpg,https://music.163.com/song?id=2047623646,你很可爱 不止可爱 也值得被爱,2025-07-03 09:48:45,还好啊,2025-07-03 01:15:27,豪庭,2025-07-03 00:13:36
2712546506,杜鹃,加木,"作词 : Realzat/加木
 作曲 : Realzat/加木
 人声编辑 : 刘璇@2496Top Music
 混音 : URC SON
 Realzat：
我想飞过蔚蓝的天
像自由的杜鹃
尽管我再怎么用力追
也追不上时间
当我站在了山巅
冷洌的风吹我的脸
我潇洒又不失风度
站在悬崖边缘
我望着窗外的夕阳西下
挂断妈妈的电话
戴上耳机继续 MAKE IT HOT
我清楚自己要去哪
所以带上了牵挂
一路任风吹也随雨下
荆棘牵过我的手
沼泽亲切的问候
也有暗礁邀请我坐了很久
风沙抚摸我额头
湍流想跟我喝酒
豺狼虎豹都想陪伴我没有一个肯走
我一马当先对苦难说 NOT TODAY
 IM A BEAST IN MY NATURE
不会流下我的泪
当燃起狼烟你会知道我是谁
剩下的就交给时间来证明错和对
我想飞过蔚蓝的天
像自由的杜鹃
尽管我再怎么用力追
也追不上时间
当我站在了山巅
冷洌的风吹我的脸
我潇洒又不失风度
站在悬崖边缘
我想飞过蔚蓝的天
像自由的杜鹃
尽管我再怎么用力追
也追不上时间
当我站在了山巅
冷洌的风吹我的脸
我潇洒又不失风度
站在悬崖边缘
加木：
我的歌能唱来春天让苦寒的风吹走
我的身影遍布大街小巷和乡亲们分杯酒
我在爱人头顶上空盘旋时刻不曾飞走
我对做过的事不后悔
我不需要也不能回首
高傲的抬起脖颈我的头顶着艳阳天
鲜花开满满山的风景离我太远还得踮脚尖
羽翼沾上了甘露与鸩毒
我不知道能飞多远
能飞多远飞多远我留下的痕迹落地或深或浅
在山谷里的回音证明我也曾来过
数不清几次等过了四季等花开又花落
善良与恶是非黑白布谷不颠倒
只为人间停留的四月天不求回报的杜鹃鸟
 Realzat：
我想飞过蔚蓝的天
像自由的杜鹃
尽管我再怎么用力追
也追不上时间
当我站在了山巅
冷洌的风吹我的脸
我潇洒又不失风度
站在悬崖边缘
 企划 : 孙田田/SuchaDog
 统筹 : 李璇忆/陈秋吟/X2045
 监制 : 沈子恂/季秋洋/小粉
 出品 : 网易音乐人",https://p1.music.126.net/UhIg3NUPbEbtOug5ZLuv0Q==/109951171296109580.jpg,https://music.163.com/song?id=2712546506,如果你也听加木的歌…,2025-07-03 13:09:12,"“高傲的抬起脖颈我的头顶着艳阳天，
鲜花开满满山的风景离我太远还得踮脚尖，
羽翼沾上了甘露与鸩毒，
我不知道能飞多远，
能飞多远飞多远我留下的痕迹落地或深或浅”
“当我站在了山巅，
冷洌的风吹我的脸，
我潇洒又不失风度，
站在悬崖边缘。”
这两段歌词最戳我[流泪]心中的那个身影从朦胧中浮现",2025-07-03 12:01:55,老大们。。。一定要多多合作啊。。。,2025-07-03 01:18:47
2104642745,雀台,加木,"作词 : 加木/暴躁的兔子
 作曲 : 加木/暴躁的兔子
 编曲 : HYPER MUSIC
 混音 : 何世渝/加木
 出品 : 网易电波/网易飓风
你不理解我的话语权
把话咀嚼成粉
你不在意我的荣誉镀了金
反倒痛斥我总流太多泪
你不知道我在爱什么 恨什么 怕什么 乞求越诚恳
你没见过我的梦因此怀疑我在意我虚荣心作祟
多么勉强 手凑够一副旧的感情牌
雨后屋瓦 附满新的青苔
仿佛留住过去交换双边叠白
不够还 不够透 不够明明白白
落叶都知道春秋交替比收获哪个先来
你总是放不下我的一切
放不下过去
结了痂却揭不掉旧伤疤
要等多久
最初最后
罪魁祸首
故意去扑了空
风吹絮杨与柳
听得懂拿酒换新的梦
无力于顾这痛
红褪去黄衣袖
听不懂感叹惜命苦衷

愚人笑我情深意浓
为了高攀旧梦两袖空空
妄言刀下忍痛
是以偷生黄梁一梦
祈雨顺风的情种
唏嘘不已高歌悲痛
想不通
还要怎样的诚惶诚恐
隐隐作痛受的伤
觊觎一碗孟婆汤
难忘你的直截了当
活该我鸟为食亡
断衷肠 落平阳
本欲两败俱伤
奈何已手无寸铁
空叹明日花黄
月烧 云的衣裳
撕烂同床异梦者的伪装
卖笑 讨一壶谎
唯敢在醉梦里唯唯请赏

要等多久
最初最后
罪魁祸首
故意去扑了空
风吹絮杨与柳
听得懂拿酒换新的梦
无力于顾这痛
红褪去黄衣袖
听不懂感叹惜命苦衷
 推广 : 网易电波/网易飓风
 监制 : 沈子恂/小贾",https://p1.music.126.net/p832V6QSVYE4ZhIN02NrWQ==/109951169276586477.jpg,https://music.163.com/song?id=2104642745,救命，最喜欢的两个歌手合作，谁懂我！！,2025-07-03 02:31:19,好听捏,2025-07-02 18:32:09,都别走出来哈哈哈哈,2025-07-02 15:32:04
2705073423,Want My Love,加木,"作词 Lyrics : 加木/周以希
 作曲 Composition : 加木/周以希
 编曲 Arrangement : 飞行少年/Genuine 木子山/joshy/Roland Lim Shi Jie/贾曦越Jia Xi Yue@Doko
 制作 Production : joshy/WAVEBOY/Roland Lim Shi Jie
 出品 Presented : 网易·云上工作室 NCM Cloud Studio × 有点音乐 SPECIAL MUSIC × 声才文化 Sounding Fortune
 Do you want my love
 Do you want my love
 Wanna know if I can show you to the whole world~
 Give your love I’ll try it
 Make you laugh and make you smile babe
 I don’t wanna see you all alone
 So boy won't you pick up the phone
 Give your love I'll try it
 Don‘t think about da ex I'll take it
 Put me in the trance like a magic
 Fill me up
 Swallow lagoon blue
 That i got you and u got me
 And u never ever have to worry
 Anytime that you need me
 I'll be by your side
 Just wanna make you love me
 No one can really make you laughing
 Think I need your love girl
 Your love is all for me
 Do you want my love
 Do you want my love
 Wanna know if I can show you to the whole world
 Do you want my love
 Do you want my love
 Wanna know if I can be by your side for life
天空丢下湿漉漉的雨滴正中我的眉心
如同思念只疏忽了距离告白有了回音
能否听得清路面水洼摔得清脆
我不敢拨回未接来电因为
我让时间把我显的有些矜贵
却又不甘愿把欣慰换成心碎
从离开你的最后一分一秒开始倒带
你成为我的软肋也击中我的要害
用真心换真心是我信奉的教派
情感是个圈套从爱到痛又回到爱
 So i Pick up the phone
等待电话接通
 Tell me what u want
我把遗憾填充
 If i got you if u got me right now
 I love you right now
 Can you hear me right now
 That i got you and u got me
 And u never ever have to worry
 Anytime that you need me
 I'll be by your side
 Just wanna make you love me
 No one can really make you laughing
 Think I need your love girl
 Your love is all for me
 Do you want my love
 Do you want my love
 Wanna know if I can show you to the whole world
 Oh we gonna write a new chapter
 And be a part of each other
 Oh me and you
 Oh me and you~
 Do you want my love
 Do you want my love
 Wanna know if I can show you to the whole world
 Do you want my love
 Do you want my love
 Wanna know if I can be by your side for life
 和声 Backing Vocals: 加木/Stephanie Poetri
 乐器 Instruments：韩非Han Fei@Doko
 混音 Mixing: 隆历奇XXLOKI@Doko
 母带 Mastering: 隆历奇XXLOKI@Doko
 封面视觉 Visual Design：Chaser
 出品协力 Assistance：Mushee Cultural
 统筹企划 A&R Projecting：石家昊joshy
 监制 Supervisor：WAVEBOY/王政典/沈子恂
 出品人 Executive Producer：黄俊/魏媛Viviann",https://p1.music.126.net/sjjLats9YTtfjyu99qYFjQ==/109951170984816934.jpg,https://music.163.com/song?id=2705073423,为了加木的说唱，我愿意等几分钟,2025-07-03 11:47:11,我也这么觉得,2025-07-02 12:46:39,嗯！———来自第一千五百赞的回复,2025-07-02 12:35:38
2054091213,你与我 他和她,加木,"作词 : 加木
 作曲 : 加木
出品：网易飓风
——
他们还是说我活的像个小屁孩
还是什么都不会的淘气娃儿
身边朋友变得好奇怪啊 开始忙碌
只有我对离开无法释怀
昨天的宿舍开始变得空荡
都在收拾行李了各奔东西
开始怀念不出门的四个人在互联网上冲浪
开的玩笑人身攻击
感叹这时间走太远
来不及说再见
拥抱了千万遍
感叹这记忆多怀念
无法轻易的改变
四年陪伴的概念
还没有碰到杯和杯中的酒
还没有填满我的青春就要走
还没有牵到钟意人的左右手
再最后抱一下吧最后的要求
曾经说的话没人会被代替
借的烟 借的火 都不在意
曾经为了赶上早八多么卖力
曾经打个视频都被阴阳怪气
下个月 见不到你拉着我的目光
排着长队买三合一
下个月 照顾好你自己别带着哭腔
彼此看着对方叹了气
没日没夜 熬着夜色 要把身体搞垮
千万以后注意点
你却连个头都不回 说明天就要汇报
戏也陪你故意演
无法挽留快要耗尽的四年时间
甚至两年带着口罩
就算困在宿舍楼里面送盒饭
我们靠着阳台有说有笑
一起排练一起上台 一起欢笑
一起同甘共苦难
一起喝酒一起吐 一起搀扶走一路
下次约 不见不散
最后和我战友打个招呼
国旗护卫队的队员你们必须照顾好
等到毕了业工了作
要是队员告了状我就公司学校两头跑
感叹这时间走太远
来不及说再见
拥抱了千万遍
感叹这记忆多怀念
无法轻易的改变
四年陪伴的概念
还没有碰到杯和杯中的酒
还没有填满我的青春就要走
还没有牵到钟意人的左右手
再最后抱一下吧最后的要求
还没有碰到杯和杯中的酒
还没有填满我的青春就要走
还没有牵到钟意人的左右手
再最后抱一下吧最后的要求
音乐总监：Toufu豆腐
——
——
——
——
——",https://p1.music.126.net/XSjEWuVQhJ4G34UAL0qwCQ==/109951168666578849.jpg,https://music.163.com/song?id=2054091213,好快啊一年过去了[流泪],2025-07-02 18:25:02,真到毕业的时候了就不想毕业了,2025-07-02 16:40:07,加木的歌总让我眼前一亮,2025-07-02 10:37:06
2706646357,山高路平,加木,"演唱 : 加木/Rapeter
 作词 : 加木/Rapeter/迪迪不休
 作曲 : 加木/Rapeter
 编曲 : 王柏鸿
 混音 : 何世渝
 吉他 : 粟宁/王华翔
 出品 : 网易云上
 企划 : 王子/张奶奶
 协力 : 辻
 监制 : 王政典
 出品人 : 黄俊
加木
星星围绕太行山边往北飞
轻轻回到记忆中让我回味
丹河似若母爱把我庇佑
翠影魅姿美丽入山水中
高平的山落一座座
高平的水流心窝窝
高平的爱风风火火
高平的故事对你诉说
 Rapeterv1
高平的呼唤隔着网线
远方的游子没日没夜地想念
屋外的烟火九天揽月
屋内是扎根乡土的十大碗宴
街上的孩童摇晃地学着高跷
跌倒了母亲为他涂抹秦氏膏药
父亲端上了饸饹和刀削
这是爱的传承是文化的骄傲
嘿
绵延千里的乐传到人们心里面那是高平人的上党梆子
从《岐山脚》爬上了山顶
站前辈们的肩膀眺望远方
宋元古建活的历史图片让孩子对过去不只是靠想象
这是每一代人的坚持是劳动人民胸口闪耀的奖章
加木 bridge
播五谷制耒耜
教稼穑尝百草
珐华瓷潞绸丝
疗医疾创琴乐
加木
星星围绕太行山边往北飞
轻轻回到记忆中让我回味
丹河似若母爱把我庇佑
翠影魅姿美丽入山水中
高平的山落一座座
高平的水流心窝窝
高平的爱风风火火
高平的故事对你诉说
 Rapeter v2
我们骨子里硬谁人怕
没人能抢走的非遗文化
全世界不得不侧耳倾听铁佛寺里面塑的黑神话
我们的血脉源自神农炎帝
从千年之前一直到今天延续
从小听长平之战的故事
用永不屈服来谱写新的旋律
他们看灵猴的金棒它挥舞镇了八荒
势如破竹一般地腾云踏浪
比肩太空也能在土地里面插秧
环绕太行是华夏苍茫的华光
大红色的剪纸画贴上每一家窗
多么想再喝一碗冒热气的鸭汤
纵然此刻不得不身处他乡
心里面的烙印是永远都不会忘的家乡
愿山高望路平
加木
高平的山落一座座
高平的水流心窝窝
高平的爱风风火火
高平的故事对你诉说
金棒镇八荒灵猴破云长
踏破九州浪擎棍裂穹苍
通天道苍茫华光耀太行
驱散众魍魉浩气护吾乡",https://p1.music.126.net/OJ-H4iE7pABKWXd7CjmfAw==/109951171016212262.jpg,https://music.163.com/song?id=2706646357,骨子里硬，谁人怕,2025-07-02 18:45:16,加木/.,2025-07-02 18:08:42,太上头了副歌,2025-07-02 15:13:27
1301736461,爱错,王力宏,"作词 : 王力宏/崔惟楷
 作曲 : 王力宏
 编曲 : 王力宏/吴庆隆

 北风毫不留情
 把叶子吹落
 脆弱的她选择了逃脱
 叶子失去消息 风才感觉寂寞
 整个冬天 北风的痛没人能说
 我从来没想过 我会这样做
 从来没爱过 所以爱错
 我从哪里起飞 从哪里降落
 多少不能原谅的错 却不能重来过
 翻开回忆角落 完美的生活
 以为幸福都可以掌握
 仔细回味当初 那个故事背后
 Oh 原来是我 犯下从没承认的错
 我从来没想过 我会这样做
 从来没爱过 所以爱错
 我从哪里起飞 从哪里降落
 多少不能原谅的错 却不能重来过
 在这少了你的世界
 Oh~ 找不回那些感觉
 其实我不想道别
 那些过去
 (我从来没想过 我会这样做)
 (从来没爱过)
 从来没有爱过那么认真 (所以爱错)
 (我从哪里起飞)
 从哪里 (从哪里降落)
 降落 (多少不能原谅的错)
 Wooh~~~ (却不能重)
 (我从来没想过 我会这样做)
 (从来没爱过)
 爱过 (所以爱错)
 所以爱错 (我从哪里起飞)
 爱错 爱错 爱错baby (从哪里降落)
 (多少不能原谅的错) Hoo
 请你原谅我的爱错",https://p2.music.126.net/febOkiCikU5OcjVLqGNLlg==/109951165994484307.jpg,https://music.163.com/song?id=1301736461,现在2025了宝宝我还是想对你说你好棒,2025-07-03 12:49:42,好听的,2025-07-03 12:33:06,年轻时的错不会再犯了  爱错人的代价就是不停的悔过,2025-07-03 12:06:17
25642952,我们的歌,王力宏,"作词 : 王力宏/陈信延
 作曲 : 王力宏
 编曲 : 王力宏

已经听了一百遍
怎么听都不会倦
从白天唱到黑夜
你一直在身边
如果世界太危险
只有音乐最安全
带着我进梦里面
让歌词都实现
无论是开心还是难过我的爱一直不变
不必担心时间流逝带走一切
无论是Hip-Hop 还是摇滚我的爱一直不变
所有美好回忆记录在里面
这种 Forever Love 那么深
我们的歌 那么真
无国界跨时代
再也不会叫我Kiss Goodbye
要每一句能够动人心弦 Yeah
情人总分分合合
可是我们却越爱越深
认识你 让我的幸福如此悦耳
能不能不要切歌
继续唱我们的歌​​
让感动一辈子都记得

已经听了一百遍
怎么听都不会倦
从白天唱到黑夜
你一直在身边
如果世界太危险
只有音乐最安全
带着我进梦里面
让歌词都实现
无论是开心还是难过我的爱一直不变
不必担心时间流逝带走一切
无论是Hip-Hop 还是摇滚我的爱一直不变
所有美好回忆记录在里面
这种 Forever Love 那么深
我们的歌 那么真
无国界跨时代
再也不会叫我Kiss Goodbye
要每一句能够动人心弦 Yeah
情人总分分合合
可是我们却越爱越深
认识你 让我的幸福如此悦耳
能不能不要切歌
继续唱我们的歌​​
让感动一辈子都记得

情人总分分合合
可是我们却越爱越深
认识你 让我的幸福如此悦耳
能不能不要切歌
继续唱我们的歌​​
让感动一辈子都记得
电吉他/其他乐器：王力宏
鼓手：Eric Fawcrtt
贝斯：John Mumson
录音师/录音室：王力宏/Homeboy Music Studios,Taipei
OP：HIM Music Publishing Inc.
OP：Homeboy Music,Inc,Taiwan
SP：Sony Music Publishing(Pre)Ltd.Taiwan Branch",https://p2.music.126.net/lHab-TuxFpGuCCv661i7eg==/109951163095170102.jpg,https://music.163.com/song?id=25642952,谢谢,2025-07-03 12:51:34,嗯嗯,2025-07-03 12:51:30,记得领黑胶经验 很快的,2025-07-03 11:57:01
33497050,心跳,王力宏,"作词 : 易家扬/王力宏
 作曲 : 王力宏
 编曲 : 王力宏
 制作人 : 王力宏

想跟我吵架 我没那么无聊
不懂得道歉 我没那么聪明
好想要回到我们的原点
你又在哭泣 我给不了安慰
我又在摇头 有那么点后悔
爱情的发展 已难以回头
却无法往前走
但身不由己出现在胸口
两颗心能塞几个问号
爱让我们流多少眼泪
你的眼神充满美丽
带走我的心跳
你的温柔如此靠近
带走我的心跳
逆转时光到一开始
能不能给一秒
等着哪一天你也想起
那悬在记忆中的美好

想跟我吵架 我没那么无聊
不懂得道歉 我没那么聪明
好想要回到我们的原点
但身不由己出现在胸口
两颗心能塞几个问号
爱让我们流多少眼泪
你的眼神充满美丽
带走我的心跳
你的温柔如此靠近
带走我的心跳
逆转时光到一开始
能不能给一秒
等着哪一天你也想起
那悬在记忆中的美好

你的眼神充满美丽
带走我的心跳
你的温柔如此靠近
带走我的心跳
逆转时光到一开始
能不能给一秒
等着哪一天你也想起
那悬在记忆中
的美好

电吉他 : 王力宏
其他所有乐器 : 王力宏
录音师 : 王力宏
录音室 : Homeboy Music Studios
混音师 : Mick Guzauski
OP : Homeboy Music,Inc. Taiwan Branch
SP : Sony Music Publishing (Pte)Ltd. Taiwan Branch
OP : 鸿石多媒体行销有限公司
SP : Universal Music Publishing Ltd. Taiwan
ISRC TW-A47-08-21002",https://p2.music.126.net/6UN-YSP2wEHBLYMvz5Tcbw==/109951168750866810.jpg,https://music.163.com/song?id=33497050,哇塞刚好看到,2025-07-03 13:10:42,噢bro又想起了不开心的事,2025-07-03 09:39:36,我嘞个豆，竟然是九年前的,2025-07-03 08:43:53
33497044,你不知道的事,王力宏,"作词 : 王力宏/瑞业
 作曲 : 王力宏
 编曲 : 王力宏/吴庆隆/Nathan Wang
 制作人 : 王力宏
蝴蝶眨几次眼睛
才学会飞行
夜空洒满了星星
但几颗会落地
我飞行但你坠落之际
很靠近还听见呼吸
对不起我却没捉紧你
你不知道我为什么离开你
我坚持不能说放任你哭泣
你的泪滴像倾盆大雨
碎了满地
在心里清晰
你不知道我为什么狠下心
盘旋在你看不见的高空里
多的是你不知道的事
蝴蝶眨几次眼睛
才学会飞行
夜空洒满了星星
但几颗会落地
我飞行但你坠落之际
很靠近还听见呼吸
对不起我却没捉紧你
你不知道我为什么离开你
我坚持不能说放任你哭泣
你的泪滴像倾盆大雨
碎了满地
在心里清晰
你不知道我为什么狠下心
盘旋在你看不见的高空里
多得是你不知道的事
我飞行但你坠落之际
噢噢
你不知道我为什么离开你
我坚持不能说放任你哭泣
你的泪滴像倾盆大雨
碎了满地
在心里清晰
你不知道我为什么狠下心
盘旋在你看不见的高空里
多的是你不知道的事",https://p2.music.126.net/6UN-YSP2wEHBLYMvz5Tcbw==/109951168750866810.jpg,https://music.163.com/song?id=33497044,好听,2025-07-03 10:38:46,没人爱我的天真那我就一直天真,2025-07-03 09:32:33,动态互,2025-07-03 00:10:38
25986099,花田错,王力宏,"作词 : 陈镇川
 作曲 : 王力宏
 编曲 : 王力宏
 制作人 : 王力宏
我犯了错
夜好深了 纸窗里怎么亮着
那不是 彻夜等候 你为我点的烛火
不过是 一次邂逅 红楼那一场梦
我的山水 全部褪色 像被大雨洗过
杯中景色诡魅 我忘了我是谁 心情就像夜凉如水
手里握着蝴蝶杯 单飞 不醉不归
花田里犯了错 说好 破晓前忘掉
花田里犯了错 拥抱 变成了煎熬
花田里犯了错 犯错 像迷恋镜花水月的无聊
花田里犯了错 请 原谅我多情的打扰
醉 怎么会喝醉 美 因为你的美
爱匆匆一瞥不过点缀
飞 看大雪纷飞 却 再也找不回
被白雪覆盖那些青翠
当时空成为拥有你 唯一条件 我…又醉

琥珀色的月 结了霜的泪 我会记得这段岁月
花田里犯了错 说好 破晓前忘掉
花田里犯了错 拥抱 变成了煎熬
花田里犯了错 犯错 像迷恋镜花水月的无聊
花田里犯了错 请 原谅我多情的打扰
我的山水全部褪了色 多情的打扰请原谅我

不是彻夜为我点的火 在那花田里我犯了错
我的山水全部褪了色 多情的打扰请原谅我
不是彻夜为我点的火 在那花田里我犯了错
花田里犯了错 说好 破晓前忘掉

花田里犯了错 拥抱 变成了煎熬
花田里犯了错 犯错 像迷恋镜花水月的无聊
花田里犯了错 请 原谅我多情的打扰
钢琴：王力宏
二胡：王力宏

All Programming：王力宏
合声：王力宏
单皮鼓、板：梁珪华
大锣：叶俊铭

录音师：王力宏 / 钱家瑞
录音室：Homeboy Music Studios, Taipei / 白金录音室, Taipei
混音师：Mick Guzauski
混音室：Barking Doctor Studios, Mt. Kisco, New York

OP：爆爆音乐有限公司
OP：Homeboy Music, Inc., Taiwan
SP：Sony Music Publishing (Pte) Ltd., Taiwan Branch",https://p2.music.126.net/ZD-Mnvr5tBWAJGmhjXv2Fg==/7936274930369278.jpg,https://music.163.com/song?id=25986099,真的很好听啊，连赞好几首，才发现自己在不同时期喜欢过他的好几首歌，现在才找到出处[多多比耶][多多大笑],2025-07-03 07:30:42,错误的是范,2025-07-03 06:14:22,喜欢听,2025-07-03 05:10:13
25641840,心中的日月,王力宏,"作词 : 陈宇任
 作曲 : 王力宏
 编曲 : 王力宏
编曲：王力宏

你是我心中的日月光芒

手中握着格桑花呀
美得让我忘了摘下
你的真 带着香 你的香 会说话
你的话 好像只对我说
我的专长叫做流浪
你注定要为我绽放
我的心 寻找家 我的家 没有花
我的花却在这山谷等着我
若一开始没有上帝暗中偷偷的怂恿
我们怎知选择相逢

你是心中的日月 落在这里
旅程的前后多余 只为遇到你
多么想幻化成为你脚下的泥
此刻的无人山谷 仿佛听见说爱你

你是我心中的日月光芒

我的漂泊不懂泥巴
你的美丽不堪动荡
你单纯 我迷惘 你恋家 我流浪
山谷中 这一切 带不走
你爱抬头拥抱阳光
哦 我得眺望下个前往
我走开 你留下 我回忆 你升华
至少我们会仰望同一片天空
若一开始没有上帝暗中偷偷的怂恿
我们怎知选择相逢喔

你是心中的日月
落在这里
旅程的前后多余 只为遇到你
多么想幻化成为你脚下的泥
那天的无人山谷
仿佛听见说爱你

置身在传说中人间天堂
你是我心中的日月光芒
带领我找到你的芬芳
放不下

你是心中的日月 落在这里
旅程的前后多余 只为遇到你
多么想幻化成为你脚下的泥
那天的无人山谷 仿佛听见说爱你
那天听见说爱你",https://p2.music.126.net/68gTdMvsaXBGEwj78j7HPg==/109951169217435459.jpg,https://music.163.com/song?id=25641840,4万成长值也不高吧,2025-07-03 13:19:26,不高啊,2025-07-03 11:05:21,那首我的纸飞机呀飞呀飞，跟这个好像,2025-07-03 10:52:16
25642119,火力全开,王力宏,"作词 : 王力宏
 作曲 : 王力宏
 编曲 : 王力宏
 制作人 : 王力宏
打倒帝国主义
不愿再做奴隶

我家大门被入侵

你说LADY卡卡
我说何必怕他
喔喔喔喔喔喔喔~~
别向他们磕头
文化是武器
埋在每根神经
被优人神鼓打醒

绝不允许失败
胜利不必等待
因为MUSIC-MAN的到来
忽然间整个世界开始在摇摆

节奏和音乐入侵了血脉

这次的战略是火力全开

火力全开 火力全开 火力全开
......

So many accusations
of an Asian invasion
Here they come a point'n fingers at me

Preyin'on a mass emotion
Stirrin'up a big commotion

Trying to assign responsibilities

Gonna stop this negativity
Turn it into positivity with integrity

Giving all of me
For all to see
This fight for equality
But even if they blame us
Try to frame us nobody can shame us
I'm singing this next verse in Chinese
忽然间整个世界开始在摇摆

节奏和音乐入侵了血脉

这次的战略是火力全开

火力全开 火力全开 火力全开

开......

打倒帝国主义

开......

火力全开
....

这次的战略

火力全开
开......

火力全开

火力全开",https://p2.music.126.net/LpzljLK8C2ZAVpc6YTsbnA==/109951168766077458.jpg,https://music.163.com/song?id=25642119,很有力量，王力宏就是非常有爱国精神啊从他每一首歌都能听出来👅👅🥺,2025-07-03 12:03:26,卡皮,2025-07-03 11:49:20,"我爱你
→     两  指  往  中  间  拉         ←",2025-07-03 07:47:48
573968818,大城小爱,王力宏,"作词 : 王力宏/陈镇川/K.Tee
 作曲 : 王力宏
 编曲 : 王力宏

乌黑的发尾盘成一个圈
缠绕所有对你的眷恋
隔着半透明门帘嘴里说的语言
完全没有欺骗
屋顶灰色瓦片安静的画面
灯火是你美丽那张脸
终于找到所有流浪的终点
你的微笑结束了疲倦
千万不要说天长地久
免得你觉得我不切实际
想多么简单就多么简单
是妈妈告诉我的哲理
脑袋都是你心里都是你
小小的爱在大城里好甜蜜
念的都是你全部都是你
小小的爱在大城里只为你倾心
乌黑的发尾盘成一个圈
缠绕所有对你的眷恋
终于找到所有流浪的终点
你的微笑结束了疲倦
千万不要说天长地久
免得你觉得我不切实际
想多么简单就多么简单
让我大声的对你说
I'm thinking of you
脑袋都是你心里都是你
小小的爱在大城里好甜蜜
念的都是你全部都是你
小小的爱在大城里只为你倾心
那回城的票根你留做纪念
不必害怕面对离别
剪掉一丝头发让我放在胸前
走到哪里都有你陪
相随
脑袋都是你心里都是你
小小的爱在大城里好甜蜜
念的都是你全部都是你
小小的爱在大城里只为你倾心
脑袋都是你心里都是你
小小的爱在大城里好甜蜜
OH~~念的都是你全部都是你
小小的爱在大城里只为你倾心
啦啦啦啦啦
乌黑的发尾盘成一个圈
缠绕所有对你的眷恋
那一种寸步不离的感觉
我知道就叫做永远",https://p2.music.126.net/1vdTXodEtxL_uZx_TYeh5Q==/109951166116670361.jpg,https://music.163.com/song?id=573968818,"大宝
",2025-07-03 10:35:29,在那一刻 你心里想的是池骋还是…🥺,2025-07-03 02:03:09,我要的就是瞬息万变的那一刻真心🥺,2025-07-03 01:52:42
27713963,好心分手,王力宏,"作词 : 黄伟文
 作曲 : 雷颂德
 编曲 : 雷颂德/Ted Lo
 制作人 : 雷颂德
卢：是否很惊讶 讲不出说话
没错我是说 你想分手吗
曾给你驯服到 就像绵羊
何解会反咬你一下 你知吗
王：也许该反省 不应再说话
被放弃的我 应有此报吗
如果我曾是个坏牧羊人
能否再让我试一下
抱一下
卢：回头望 伴你走
从来未曾幸福过
王：恨太多 没结果
往事重提是折磨
卢：下半生 陪住你
怀疑快乐也不多
王：被我伤 让你痛
卢：好心一早放开我
从头努力也坎坷
通通不要好过
王：为何唱着这首歌
为怨恨 而分手
问你是否原谅我
卢：若注定有一点苦楚
不如自己亲手割破

王：回头吧 不要走
不要这样离开我
恨太多 没结果
往事重提 是折磨
卢：下半生 陪住你
怀疑快乐也不多
没有心 别再拖
好心一早放开我
从头努力也坎坷
通通不要好过
王：为何唱着这首歌
为怨恨而分手
问你是否原谅我
卢：若勉强也分到不多
不如什么也摔破

王：好心分手 每天播
卢：可知歌者也奈何
难捱就无谓再拖
好心一早放开我
从头努力也坎坷
通通不要好过
王：为何唱着这首歌
为怨恨而分手
问你是否原谅我
卢：若注定有一点苦楚
不如自己亲手割破",https://p2.music.126.net/PNNb7OIbiHY7cy9i9rDxyw==/109951165994496224.jpg,https://music.163.com/song?id=27713963, 时间的剑削铁如泥 斩断说好永不分离,2025-07-03 01:11:31,坏牧羊人,2025-07-02 20:57:52,卢巧音说粤语，王力宏说国语,2025-07-02 18:11:06
1899989255,天地龙鳞,王力宏,"作词 : 方文山
 作曲 : 王力宏
 编曲 : 唐达
 制作人 : 王力宏
 录音 : 王力宏
 混音 : Mick Guzauski
 录音室 : 西东音乐 北京
 混音室 : 宏声音乐 台北
特别鸣谢：西东音乐（王力宏工作室）
首席运营官：杨文杰
执行：王勇
宣传：陈静、刘思琪
花絮拍摄：文子洋、薛承旭
助理：袁兵强
妆发：李晓莹
服装：“龙的传人”国潮品牌
摄影：MAGIA
制作协力：刘希艾
制作协力：刘凤琴
主题歌音乐专辑工作团队
出品人：钱实穆
总监制：徐毅
监制：胡译友 吴志勇
项目策划：朴林西思文化传媒
总策划：张洋
音乐总监：苟璘
制作统筹：高溪丰
音乐版权顾问：刘靖
翻译：卢佳
创意顾问：袁嘉骏
平面摄影师：温璐
海报设计团队：本真工作室: 李贞（海报设计总监）段冰洋 王世婷 林恩
平面设计：包凡彬
宣传物料及黑胶设计：周禹颉
MV团队：
总导演：张晓晨
导演：孙峥 窦琨淇 张天明 张彬
制片：张红昭 陈涛
摄影指导：王春波 娄诞
灯光师：尹娜威
道具师：张磊
剪辑：郑菲 宋文阳
调色：罗梦舟
合成：陈海涛 郝伟晋 沈诗翔 张立 李波 马福斌 郭倩倩 岳先贺
承制：北京龙生堂文化传媒有限公司
音乐发行：太合麦田
项目总统筹：闫曼嘉
项目/艺人统筹：李艺佳 李靖
项目/艺人协力：张靓琳 肖晰美（实习） 陈尧天（实习）
制作总监：蔡庭贵
策略行销：武鹏
视觉统筹：赵宏韬
平面设计：张雯 夏马尾
媒介：小美 肖琄 陈梦麟 张鹏远 罗茜 太阳 高仪 梁倩玉 赵天一 勘琦 成梓琪 陈婷
运营：耿长春 曹瑞 张齐宪 谢思聪 王子龙 洪子斌 赵媛媛
宣传营销：
北京很有可能文化传播有限公司：
金朝顺 沈雨娟 张倩玉 夏童 田贝贝 汪斯遥 丁敏
资产管理：杨柳
出品
北京广播电视台
故宫博物院
太合音乐集团
联合出品
朴林西思文化传媒
微博
协办单位
北京国际音乐产业大会
技术支持：杜比实验室
宣发合作伙伴：新浪娱乐 微博音乐 新浪音乐
独家短视频平台：抖音
特别鸣谢：千千音乐 腾讯音乐集团 QQ音乐 酷狗音乐 酷我音乐 网易云音乐 咪咕音乐 bilibili音乐 西瓜视频 爱奇艺 腾讯视频 搜狐视频 新周刊 新浪演出 微博纪录片 微博艺术 RollingStone大水花 咪哒音乐

这江山我起笔 民族血脉又几万里
几世纪六百年里 龙的传人历经风雨
这京畿中轴地  一如君子气节不移
九龙壁瓦上琉璃 历史从这衰落又崛起
这龙鳞却曾经 铿锵落地犹如碎冰
一片鳞一寸心 故事飘摇我不忍听
人守礼心守静 悠扬古琴弹君子心
我清醒等回音 盘旋泱泱华夏文明
敬过去我落笔 东方辽阔的黄土地
山水里泼墨抹去 只见嶙峋的华夏骨气
紫禁城神武门 多少沧桑铸造中华魂
我继承文化深耕 突破变局去扭转乾坤
这龙鳞却曾经 铿锵落地犹如碎冰
一片鳞一寸心 以小成其大我坚信
将民族的命运 昂首抬起再次复兴
游天地寻龙鳞 龙的血脉蔚然成林
这龙鳞却曾经 铿锵落地犹如碎冰
一片鳞一寸心 故事飘摇我不忍听
将民族的命运 昂首抬起再次复兴
游天地寻龙鳞 龙的血脉蔚然成林",https://p2.music.126.net/TqI53jH17yjOs860awgQeQ==/109951166681216835.jpg,https://music.163.com/song?id=1899989255,手好痛哦,2025-07-03 13:23:48,大部分中国人都在中国赚钱啊…能赚国外的更好，但是在哪赚就在哪做贡献没什么问题也,2025-07-03 11:38:16,其实吧，江西一直别称江右。。。,2025-07-03 01:33:20
